Row,Class,Higher Taxon,Family ,Species ,q25Wkg  ,qWkg,Mg ,TC ,DMg ,WC,Source,
273,Branchiopoda,Branchiopoda,Daphnidae,Daphnia ambigua,26.435,7.333,0.0000047,6.5,,,Armitage & Lei 1979 ,
274,Branchiopoda,Branchiopoda, Daphnidae ,Daphnia ambigua ,26.597,7.378,0.0000258,6.5,0.00000507,80.4,Armitage & Lei 1979 ,
278,Branchiopoda,Branchiopoda,Daphnidae ,Daphnia ambigua ,33.608,29.056,0.00000587,22.9,0.0000015,80.4,Armitage & Lei 1979 ,
276,Branchiopoda,Branchiopoda,Daphnidae ,Daphnia ambigua ,31.32,27.078,0.00000597,22.9,0.00000117,80.4,Armitage & Lei 1979 ,
272,Branchiopoda,Branchiopoda,Daphnidae ,Daphnia ambigua ,25.254,21.833,0.00000893,22.9,0.00000175,80.4,Armitage & Lei 1979 ,
270,Branchiopoda,Branchiopoda,Daphnidae ,Daphnia ambigua ,17.196,14.867,0.0000136,22.9,0.00000266,80.4,Armitage & Lei 1979 ,
266,Branchiopoda,Branchiopoda,Daphnidae ,Daphnia ambigua ,14.041,12.139,0.0000178,22.9,0.00000349,80.4,Armitage & Lei 1979 ,
264,Branchiopoda,Branchiopoda,Daphnidae ,Daphnia ambigua ,13.643,15.244,0.0000184,26.6,0.00000362,80.4,Armitage & Lei 1979 ,
262,Branchiopoda,Branchiopoda,Daphnidae ,Daphnia ambigua ,13.045,11.278,0.000019,22.9,,80.4,Armitage & Lei 1979 ,
263,Branchiopoda,Branchiopoda,Daphnidae ,Daphnia ambigua ,13.05,11.283,0.000019,22.9,0.00000372,80.4,Armitage & Lei 1979 ,
261,Branchiopoda,Branchiopoda,Daphnidae ,Daphnia ambigua ,9.6225,6.006,0.0000197,18.2,0.00000387,80.4,Armitage & Lei 1979 ,
268,Branchiopoda,Branchiopoda,Daphnidae ,Daphnia ambigua ,16.573,14.328,0.0000221,22.9,0.00000434,80.4,Armitage & Lei 1979 ,
271,Branchiopoda,Branchiopoda,Daphnidae ,Daphnia ambigua ,17.775,7.9,0.0000251,13.3,0.0000049,80.4,Armitage & Lei 1979 ,
277,Branchiopoda,Branchiopoda,Daphnidae ,Daphnia ambigua ,32.898,12.728,0.0000254,11.3,0.00000498,80.4,Armitage & Lei 1979 ,
269,Branchiopoda,Branchiopoda,Daphnidae ,Daphnia ambigua ,16.759,14.489,0.0000265,22.9,0.0000052,80.4,Armitage & Lei 1979 ,
275,Branchiopoda,Branchiopoda,Daphnidae ,Daphnia ambigua ,29.62,10.4,0.0000267,9.9,0.00000524,80.4,Armitage & Lei 1979 ,
267,Branchiopoda,Branchiopoda,Daphnidae ,Daphnia ambigua ,14.368,12.422,0.0000287,22.9,0.00000563,80.4,Armitage & Lei 1979 ,
265,Branchiopoda,Branchiopoda,Daphnidae ,Daphnia ambigua ,13.918,12.033,0.0000308,22.9,0.00000573,80.4,Armitage & Lei 1979 ,
282,Branchiopoda,Branchiopoda,Daphnidae ,Daphnia magma ,32.997,23.333,0.00005,20,,,Schindler 1968 ,
284,Branchiopoda,Branchiopoda,Daphnidae ,Daphnia magma ,36.195,25.594,0.000061,20,,,Goss & Bunting 1980 ,
286,Branchiopoda,Branchiopoda,Daphnidae ,Daphnia magma ,47.6,47.6,0.000066,25,,, Goss & Bunting 1980 ,
285,Branchiopoda,Branchiopoda,Daphnidae ,Daphnia magma ,38.034,19.017,0.000087,15,,,Goss & Bunting 1980,
281,Branchiopoda,Branchiopoda,Daphnidae ,Daphnia magma ,29.855,21.111,0.0001,20,,,Schindler 1968 ,
283,Branchiopoda,Branchiopoda,Daphnidae ,Daphnia magma ,35.386,12.511,0.000118,10,,,Goss & Bunting 1980 ,
280,Branchiopoda,Branchiopoda, Daphnidae ,Daphnia magma ,28.288,7.072,0.000146,5,,,Goss & Bunting 1980 ,
279,Branchiopoda,Branchiopoda,Daphnidae,Daphnia magma ,26.713,18.889,0.00015,20,,,Schindler 1968 ,
289,Branchiopoda,Branchiopoda,Daphnidae ,Daphnia pulex ,51.147,36.167,0.000055,20,,, Ikeda 1970 ,
290,Branchiopoda,Branchiopoda,Daphnidae ,Daphnia pulex ,58.139,82.222,0.000147,30,,,Goss & Bunting 1980 ,
291,Branchiopoda,Branchiopoda,Daphnidae ,Daphnia pulex ,64.067,64.067,0.0002,25,,,Goss & Bunting 1980 ,
292,Branchiopoda,Branchiopoda,Daphnidae ,Daphnia pulex ,65.548,46.35,0.000208,20,,,Goss & Bunting 1980 ,
293,Branchiopoda,Branchiopoda,Daphnidae ,Daphnia pulex ,65.556,32.778,0.000374,15,,,Goss & Bunting 1980 ,
288,Branchiopoda,Branchiopoda,Daphnidae ,Daphnia pulex ,42.285,14.95,0.000481,10,,,Goss & Bunting 1980,
287,Branchiopoda,Branchiopoda,Daphnidae ,Daphnia pulex ,37.668,9.417,0.000581,5,,,Goss & Bunting 1980 ,
294,Branchiopoda,Branchiopoda,Daphnidae ,Daphnia pulex ,132.489,103.9,0.0006,21.5,,,Ikeda 1970 ,
295,Branchiopoda,Branchiopoda,Sididae ,Penilia avirostris ,3.1,2.2,0.00004,20,,,Pavlova 1961 ,
296,Branchiopoda,Branchiopoda,Podonidae ,Podon polyphemoides ,4.2,2.9,0.00012,20,,,Pavlova 1961 ,
297,Branchiopoda,Branchiopoda,Polyartemiidae ,Polyartemia forcipata ,2.8284,2,0.00769,20,,,Ivanova & Korobtsova 1974 ,
302,Branchiopoda,Branchiopoda,Triopsidae ,Triops cancriformis ,3.5,2.5,0.16,20,0.0135,91.6,Tscherbakov & Muragina 1953 , 
301,Branchiopoda,Branchiopoda,Triopsidae ,Triops cancriformis ,3.1,2.2,0.19,20,0.0185,90.3,Tscherbakov & Muragina 1953 , 
298,Branchiopoda,Branchiopoda,Triopsidae ,Triops cancriformis ,1.6,1.1,0.23,20,0.019,91.7,Tscherbakov & Muragina 1953 , 
299,Branchiopoda,Branchiopoda,Triopsidae ,Triops cancriformis ,1.7,1.2,0.34,20,0.028,91.8,Tscherbakov & Muragina 1953 , 
300,Branchiopoda,Branchiopoda,Triopsidae ,Triops cancriformis ,1.75,1.24,0.41,20,0.035,91.5,Tscherbakov & Muragina 1953 , 
541,Malacostraca,Decapoda ,Oplophoridae ,Acanthephyra acutifrons ,0.5968,0.211,8.64,10,,,Cowles et al. 1991 ,
542,Malacostraca,Decapoda ,Oplophoridae ,Acanthephyra acutifrons ,0.824,0.206,8.64,5,,,Cowles et al. 1991 ,
543,Malacostraca,Decapoda ,Oplophoridae ,Acanthephyra curtirostris ,0.0662,0.0234,2.29,10,,,Cowles et al. 1991 ,
544,Malacostraca,Decapoda ,Oplophoridae ,Acanthephyra curtirostris ,0.0904,0.0226,2.29,5,,,Cowles et al. 1991 ,
545,Malacostraca,Decapoda ,Oplophridae ,Acanthephyra curtirostris ,0.1468,0.038,3.53,5.5,0.85,75.9,Childress 1975,
546,Malacostraca,Decapoda ,Oplophoridae ,Acanthephyra curtirostris ,3.1683,0.82,3.53,5.5,0.85,75.9, Childress 1975 ,
547,Malacostraca,Decapoda ,Oplophridae ,Acanthephyra smithi ,1.6405,0.58,3.84,10,,,Cowles et al. 1991 ,
548,Malacostraca,Decapoda ,Oplophridae,Acanthephyra smithi ,1.9799,1.4,3.84,20,,,Cowles et al. 1991,
549,Malacostraca,Decapoda , Oplophridae ,Acanthephyra smithi ,3.64,0.91,3.84,5,,, Cowles et al. 1991 ,
315,Malacostraca,Isopoda ,Aegidae ,Aega sp. ,4.5373,2.606,0.026,17,0.00664,74.4, Ikeda 1970 ,
317,Malacostraca,Isopoda ,Anuropidae ,Anuropus bathypelagicus ,0.0889,0.023,3.45,5.5,0.95,72.4,Childress 1975 , 
318,Malacostraca,Isopoda ,Anuropidae ,Anuropus bathypelagicus ,0.4984,0.129,3.45,5.5,0.95,72.4,Childress 1975 , 
328,Malacostraca,Isopoda ,Armadillidae ,Armadillidium nasatum ,1.0235,0.7237,0.03,20,,,Reichle 1968 ,
341,Malacostraca,Isopoda ,Armadillidae ,Armadillidium pallasii ,4.4,3.111,0.0009,20,,,Byzova 1973 ,
340,Malacostraca,Isopoda ,Armadillidae ,Armadillidium pallasii ,3.615,2.556,0.0025,20,,,Byzova 1973 ,
336,Malacostraca,Isopoda ,Armadillidae ,Armadillidium pallasii ,1.414,1,0.015,20,,,Byzova 1973 (data of Müller 1943) ,
339,Malacostraca,Isopoda ,Armadillidae ,Armadillidium pallasii ,2.908,2.056,0.024,20,,,Byzova 1973 ,
335,Malacostraca,Isopoda ,Armadillidae ,Armadillidium pallasii ,1.242,0.878,0.03,20,,,Byzova 1973 (data of Müller 1943) ,
333,Malacostraca,Isopoda ,Armadillidae ,Armadillidium pallasii ,0.935,0.661,0.05,20,,,Byzova 1973 (data of Müller 1943) ,
337,Malacostraca,Isopoda ,Armadillidae ,Armadillidium pallasii ,1.894,1.339,0.053,20,,,Byzova 1973 ,
338,Malacostraca,Isopoda ,Armadillidae ,Armadillidium pallasii ,2.106,1.489,0.053,20,,,Byzova 1973 ,
334,Malacostraca,Isopoda ,Armadillidae ,Armadillidium pallasii ,1.1,0.778,0.09,20,,,Byzova 1973 ,
330,Malacostraca,Isopoda ,Armadillidae ,Armadillidium pallasii ,0.731,0.517,0.1,20,,,Byzova 1973 (data of Müller 1943) ,
332,Malacostraca,Isopoda ,Armadillidae ,Armadillidium pallasii ,0.817,0.578,0.13,20,,,Byzova 1973 (data of Müller 1943) ,
331,Malacostraca,Isopoda ,Armadillidae ,Armadillidium pallasii ,0.747,0.528,0.16,20,,,Byzova 1973 (data of Müller 1943) ,
329,Malacostraca,Isopoda ,Armadillidae ,Armadillidium pallasii ,0.707,0.5,0.27,20,,,Byzova 1973 ,
346,Malacostraca,Isopoda ,Armadillidae ,Armadillidium vulgare ,11.2345,7.944,0.00064,20,,,Byzova 1973 (data of Edney & Spencer 1956) ,
345,Malacostraca,Isopoda ,Armadillidae ,Armadillidium vulgare ,4.0857,2.889,0.004,20,,,Byzova 1973 (data of Engelmann 1961) ,
343,Malacostraca,Isopoda ,Armadillidae ,Armadillidium vulgare ,1.1469,0.811,0.065,20,,,Byzova 1973 (data of Edney 1964) ,
344,Malacostraca,Isopoda ,Armadillidae ,Armadillidium vulgare ,1.4142,1,0.12,20,,,Byzova 1973 (data of Reichle 1968) ,
342,Malacostraca,Isopoda ,Armadillidae ,Armadillidium vulgare ,0.7863,0.556,0.144,20,,,Byzova 1973 (data of Reichle 1968) ,
347,Malacostraca,Isopoda ,Asellidae ,Asellus aquaticus ,3.1,1.11,0.0168,10,,,Simèiè & Brancelj 2006 ,
553,Malacostraca,Decapoda ,Axiidae ,Calastacus quinqueseriatus ,0.54,0.27,1.38,15,,,Childress et al. 1990 ,
552,Malacostraca,Decapoda ,Axiidae ,Calastacus quinqueseriatus ,0.4808,0.17,1.73,10,,,Childress et al. 1990 ,
551,Malacostraca,Decapoda ,Axiidae ,Calastacus quinqueseriatus ,0.4,0.1,3.13,5,,,Childress et al. 1990 ,
550,Malacostraca,Decapoda ,Axiidae ,Calastacus quinqueseriatus ,0.1665,0.035,3.21,2.5,,,Childress et al. 1990 ,
557,Malacostraca,Decapoda ,Callianideidae ,Callinectes sapidus ,0.7771,0.5495,107.2,20,,,Lewis & Haefner 1976 ,
555,Malacostraca,Decapoda ,Callianideidae ,Callinectes sapidus ,0.6863,0.4853,134.1,20,,,Lewis & Haefner 1976 ,
554,Malacostraca,Decapoda ,Callianideidae ,Callinectes sapidus ,0.5739,0.4058,142.4,20,,,Lewis & Haefner 1976 ,
556,Malacostraca,Decapoda ,Callianideidae ,Callinectes sapidus ,0.7689,0.5437,158.9,20,,,Lewis & Haefner 1976 ,
558,Malacostraca,Decapoda ,Cancridae ,Cancer magister ,0.5565,0.3935,948,20,,,Cameron 1975 ,
559,Malacostraca,Decapoda ,Cancridae ,Cancer pagurus ,0.093,0.033,460,10,,,Aldrich 1975 ,
563,Malacostraca,Decapoda ,Portunidae ,Carcinus maenas ,0.618,0.437,12.7,20,,,Ivlev & Sutschenya 1961 ,
562,Malacostraca,Decapoda ,Portunidae ,Carcinus maenas ,0.5261,0.372,13.3,20,,,Ivlev & Sutschenya 1961 ,
560,Malacostraca,Decapoda ,Portunidae ,Carcinus maenas ,0.3718,0.2629,52.8,20,,,Taylor et al. 1977 ,
561,Malacostraca,Decapoda ,Portunidae ,Carcinus maenas ,0.3847,0.272,52.8,20,,,Taylor et al. 1977 ,
564,Malacostraca,Decapoda ,Parastacidae ,Cherax destructor ,0.4243,0.3,53,20,,,Ellis & Morris 1995 ,
565,Malacostraca,Decapoda ,Hyppolitidae ,Chorismus antarcticus ,0.8465,0.133,2.273,-1.7,0.593,74,Opalinski 1991 ,
566,Malacostraca,Decapoda ,Hyppolitidae ,Chorismus antarcticus ,1.5759,0.32,5,2,1,80,Opalinski 1991 ,
567,Malacostraca,Decapoda ,,Cleistosoma edwardsii ,1.6973,1.2002,0.818,20,,,Dye & van der Veen 1980 ,
568,Malacostraca,Decapoda ,,Cleistosoma edwardsii ,1.8429,1.3031,0.818,20,,,Dye & van der Veen 1980 ,
569,Malacostraca,Decapoda ,Coenobitidae ,Coenobita compressus ,0.7979,0.5642,3.5,20,,,Herreid & Full 1986 ,
570,Malacostraca,Decapoda ,Coenobitidae ,Coenobita compressus ,1.0936,0.7733,3.7,20,,,Herreid & Full 1986 ,
571,Malacostraca,Decapoda ,Crangonidae ,Crangon abyssorum ,0.2624,0.078,1.2,7.5,,,Childress et al. 1990 ,
572,Malacostraca,Decapoda ,Crangonidae ,Crangon abyssorum ,0.4383,0.089,1.28,2,,,Childress et al. 1990 ,
573,Malacostraca,Decapoda ,Crangonidae ,Crangon affinis ,1.4159,1.0012,0.0506,20,,,Ikeda 1970 ,
576,Malacostraca,Decapoda ,Crangonidae ,Crangon communis ,0.978,0.489,2.14,15,,,Childress et al. 1990 ,
574,Malacostraca,Decapoda ,Crangonidae ,Crangon communis ,0.5346,0.189,2.91,10,,,Childress et al. 1990 ,
575,Malacostraca,Decapoda ,Crangonidae ,Crangon communis ,0.712,0.178,4.69,5,,,Childress et al. 1990 ,
362,Malacostraca,Isopoda ,Cylisticidae ,Cylisticus convexus ,1.8574,1.3134,0.0384,20,,,Reiche 1968 ,
577,Malacostraca,Decapoda ,Xanthidae ,Eriphia spinifrons ,0.27,0.193,350,20,,,Sutschenya & Abolmasova 1973 ,
581,Malacostraca,Decapoda ,Gecarcinidae ,Gecarcinus lateralis ,0.4387,0.3102,10,20,,,Taylor & Davies 1981 ,
579,Malacostraca,Decapoda ,Gecarcinidae ,Gecarcinus lateralis ,0.1754,0.124,20,20,,,Taylor & Davies 1981 ,
578,Malacostraca,Decapoda ,Gecarcinidae ,Gecarcinus lateralis ,0.0987,0.0698,40,20,,,Taylor & Davies 1981 ,
582,Malacostraca,Decapoda ,Gecarcinidae ,Gecarcinus lateralis ,0.592,0.4186,53.4,20,,,Herreid et al. 1983 ,
580,Malacostraca,Decapoda ,Gecarcinidae ,Gecarcinus lateralis ,0.3179,0.2248,140,20,,,Cameron 1975 ,
583,Malacostraca,Decapoda ,Aristeidae/Sergestidae ,Gecarcoidea natalis ,0.7,0.7,160,25,,,Adamczewska & Morris 1994 ,
587,Malacostraca,Decapoda ,Aristeidae ,Gennadas propinquus ,0.4134,0.107,1.62,5.5,0.378,76.7,Childress 1975 ,
588,Malacostraca,Decapoda ,Aristeidae ,Gennadas propinquus ,1.0432,0.27,1.62,5.5,0.378,76.7,Childress 1975 ,
590,Malacostraca,Decapoda ,Glyphocrangonidae ,Glyphocrangon vicaria ,0.5909,0.12,9.71,2,,,Childress et al. 1990 ,
589,Malacostraca,Decapoda ,Glyphocrangonidae ,Glyphocrangon vicaria ,0.5278,0.2,9.85,11,,,Childress et al. 1990 ,
385,Malacostraca,Isopoda ,Chaetiliidae ,Glyptonotus antarcticus ,0.3224,0.057,33,0,,,Robertson et al. 2003 ,
591,Malacostraca,Decapoda ,Grapsidae ,Hemigrapsus nudus ,0.0106,0.0075,20,20,,,Dehnel 1960 ,
592,Malacostraca,Decapoda ,Grapsidae ,Hemigrapsus nudus ,0.0151,0.0107,20,20,,,Dehnel 1960 ,
593,Malacostraca,Decapoda ,Grapsidae ,Hemigrapsus oregonensis ,0.015,0.0106,20,20,,,Dehnel 1960 ,
594,Malacostraca,Decapoda ,Grapsidae ,Hemigrapsus oregonensis ,0.0199,0.0141,20,20,,,Dehnel 1960 ,
404,Malacostraca,Isopoda ,Hemioniscidae ,Hemilepistus elegans ,1.5316,1.083,0.115,20,,,Byzova 1973 ,
403,Malacostraca,Isopoda ,Hemioniscidae ,Hemilepistus elegans ,0.7382,0.522,0.275,20,,,Byzova 1973 ,
600,Malacostraca,Decapoda ,Sundathelphusidae ,Holthuisana transversa,0.4332,0.3063,5,20,,,MacMillen 1978  ,
601,Malacostraca,Decapoda ,Sundathelphusidae ,Holthuisana transversa ,0.7577,0.5358,2,20,,,MacMillen 1978,
599,Malacostraca,Decapoda ,Sundathelphusidae ,Holthuisana transversa ,0.3015,0.2132,10,20,,,MacMillen 1978 ,
598,Malacostraca,Decapoda ,Sundathelphusidae ,Holthuisana transversa ,0.2572,0.1819,12,20,,,MacMillen 1978 ,
597,Malacostraca,Decapoda ,Sundathelphusidae ,Holthuisana transversa ,0.2249,0.159,15,20,,,MacMillen 1978 ,
596,Malacostraca,Decapoda ,Sundathelphusidae ,Holthuisana transversa ,0.1921,0.1358,20,20,,,MacMillen 1978 ,
595,Malacostraca,Decapoda ,Sundathelphusidae ,Holthuisana transversa ,0.1481,0.1047,30,20,,,MacMillen 1978 ,
602,Malacostraca,Decapoda ,Nephropidae ,Homarus americanus ,0.3454,0.2442,180,20,,,Penkoff & Thurberg 1982 ,
603,Malacostraca,Decapoda ,Oplophoridae ,Hymenodora frontalis ,0.3516,0.091,1.4,5.5,0.507,63.8,Childress 1975 ,
604,Malacostraca,Decapoda ,Oplophoridae ,Hymenodora frontalis ,0.6993,0.181,1.4,5.5,0.507,63.8,Childress 1975 ,
419,Malacostraca,Isopoda ,Idoteidae ,Idotea baltica basteri ,2.1,1.45,0.1385,20,,,Khmeleva 1973,
605,Malacostraca,Decapoda ,Oplophoridae ,Janicella spinicauda ,1.7819,0.63,0.35,10,,,Cowles et al. 1991 ,
606,Malacostraca,Decapoda ,Oplophoridae ,Janicella spinicauda ,2.7153,1.92,0.35,20,,,Cowles et al. 1991 ,
422,Malacostraca,Isopoda ,Ligiidae ,Ligia oceanica ,1.2572,0.889,0.8,20,,,Byzova 1973 (data of Edney & Spencer 1955) ,
423,Malacostraca,Isopoda ,Ligiidae ,Ligia oceanica ,1.335,0.944,0.8,20,,,Byzova 1973 (data of Ellenby 1951) ,
425,Malacostraca,Isopoda ,Ligiidae ,Ligidium japonica ,3.1424,2.222,0.0045,20,,,Byzova 1973 (data of Saito 1965) ,
424,Malacostraca,Isopoda ,Ligiidae ,Ligidium japonica ,1.8074,1.278,0.025,20,,,Byzova 1973 (data of Saito 1965) ,
607,Malacostraca,Decapoda ,Sergestidae ,Lucifer typus ,10.9115,6.267,0.000466,17,0.000068,85.4,Ikeda 1970 ,
608,Malacostraca,Decapoda ,Hippolytidae ,Lysmata sp. ,5.0678,7.167,0.0109,30,0.00147,86.5,Ikeda 1970 ,
609,Malacostraca,Decapoda ,Palaemonidae ,Macrobrachium acanthurus ,1.3011,0.92,1.7,20,0.5,?71 ,Moreira et al. 1983 ,
610,Malacostraca,Decapoda ,Palaemonidae ,Macrobrachium heterochirus ,1.2587,0.89,2.6,20,0.75,?71 ,Moreira et al. 1983 ,
611,Malacostraca,Decapoda ,Palaemonidae  ,Macrobrachium olfersi ,0.8485,0.6,1.2,20,0.35,?71 ,Moreira et al. 1983 ,
612,Malacostraca,Decapoda ,Palaemonidae,Macrobrachium potiuna ,0.693,0.49,0.68,20,0.2,?71 ,Moreira et al. 1983 ,
613,Malacostraca,Decapoda ,Majidae ,Maja squinado ,0.063,0.022,591,10,,,Aldrich 1975 ,
616,Malacostraca,Decapoda ,Xanthidae ,Menippe mercenaria ,6.5721,4.6472,0.000303,20,,,Moots & Epifanio 1974 ,
615,Malacostraca,Decapoda ,Xanthidae,Menippe mercenaria ,3.2227,2.2788,0.0242,20,,,Moots & Epifanio 1974 ,
614,Malacostraca,Decapoda ,Xanthidae  ,Menippe mercenaria ,0.1732,0.1225,31.6,20,,,Leffler 1973 ,
430,Malacostraca,Isopoda ,Oniscidae ,Mesidothea entomon ,2.1579,1.5259,0.5,20,,,Romanova & Khmeleva 1978 ,
429,Malacostraca,Isopoda ,Oniscidae ,Mesidothea entomon ,1.6859,1.1921,2,20,,,Romanova & Khmeleva 1978 ,
428,Malacostraca,Isopoda ,Oniscidae ,Mesidothea entomon ,1.619,1.1448,3.2,20,,,Romanova & Khmeleva 1978 ,
427,Malacostraca,Isopoda ,Oniscidae ,Mesidothea entomon ,1.4503,1.0255,5,20,,,Romanova & Khmeleva 1978 ,
426,Malacostraca,Isopoda ,Oniscidae ,Mesidothea entomon ,1.2885,0.9111,10,20,,,Romanova & Khmeleva 1978 ,
617,Malacostraca,Decapoda ,Panaeidae ,Metapenaeus pruinosus ,2.6248,1.856,0.184,20,,,Reiche 1968 ,
618,Malacostraca,Decapoda ,Galatheidae ,Munidopsis verrilli ,0.1427,0.03,5.62,2.5,,,Childress et al. 1990 ,
619,Malacostraca,Decapoda ,Crangonidae ,Notocrangon antarcticus ,2.6543,0.539,1,2,0.4,60,Opalinski 1991 ,
620,Malacostraca,Decapoda ,Oplophoridae ,Notostomus elegans ,0.668,0.167,22.54,5,,,Cowles et al. 1991 ,
621,Malacostraca,Decapoda ,Oplophoridae ,Notostomus elegans ,1.0126,0.358,22.54,10,,,Cowles et al. 1991 ,
622,Malacostraca,Decapoda ,Oplophoridae ,Notostomus gibbosus ,0.24,0.06,10.4,5,,,Cowles et al. 1991 ,
623,Malacostraca,Decapoda ,Oplophoridae ,Notostomus gibbosus ,0.4525,0.16,10.4,10,,,Cowles et al. 1991 ,
624,Malacostraca,Decapoda ,Oplophoridae ,Notostomus sp. ,0.1158,0.027,40,4,2.8,93,Childress 1975 ,
625,Malacostraca,Decapoda ,Oplophoridae ,Notostomus sp. ,0.1801,0.042,40,4,2.8,93,Childress 1975,
632,Malacostraca,Decapoda ,Ocypodidae,Ocypode platytarsis ,3.1735,2.244,0.5,20,,,Veerannan 1974 ,
631,Malacostraca,Decapoda ,Ocypodidae  ,Ocypode platytarsis ,2.2691,1.6045,1,20,,,Veerannan 1974,
629,Malacostraca,Decapoda ,Ocypodidae ,Ocypode platytarsis ,1.6542,1.1697,2,20,,,Veerannan 1974 ,
628,Malacostraca,Decapoda ,Ocypodidae ,Ocypode platytarsis ,1.362,0.9631,3,20,,,Veerannan 1974 ,
630,Malacostraca,Decapoda ,Ocypodidae ,Ocypode platytarsis ,1.7603,2.022,3.58,27,,,Veerannan 1974 ,
627,Malacostraca,Decapoda ,Ocypodidae ,Ocypode platytarsis ,1.0964,0.7753,5,20,,,Veerannan 1974 ,
626,Malacostraca,Decapoda ,Ocypodidae ,Ocypode platytarsis ,0.7846,0.5548,10,20,,, Veerannan 1974 ,
636,Malacostraca,Decapoda ,Ocypodidae ,Ocypode quadrata ,1.4771,1.0445,2.1,20,,,Full 1987 ,
634,Malacostraca,Decapoda ,Ocypodidae ,Ocypode quadrata ,0.7084,0.5009,26.9,20,,,Full 1987 ,
635,Malacostraca,Decapoda ,Ocypodidae ,Ocypode quadrata ,0.869,0.8108,33.3,24,,,Full 1987 ,
633,Malacostraca,Decapoda ,Ocypodidae ,Ocypode quadrata ,0.4131,0.2921,70.9,20,,,Full 1987 ,
458,Malacostraca,Isopoda ,Oniscidae ,Oniscus asellus ,12.257,8.667,0.0018,20,,,Byzova 1973 (data of Morrison 1946) ,
457,Malacostraca,Isopoda ,Oniscidae ,Oniscus asellus ,7.0711,5,0.0061,20,,,Byzova 1973 (data of Edwards 1946) ,
456,Malacostraca,Isopoda ,Oniscidae ,Oniscus asellus ,6.6001,4.667,0.01,20,,,Byzova 1973 (data of Will 1952) ,
455,Malacostraca,Isopoda ,Oniscidae ,Oniscus asellus ,3.1424,2.222,0.018,20,,,Byzova 1973 (data of Edney & Spencer 1955) ,
453,Malacostraca,Isopoda ,Oniscidae ,Oniscus asellus ,2.3575,1.667,0.02,20,,,Byzova 1973 (data of Phillipson & Watson 1965 ,
454,Malacostraca,Isopoda ,Oniscidae ,Oniscus asellus ,2.8284,2,0.06,20,,,Byzova 1973 (data of Phillipson & Watson 1965 ,
452,Malacostraca,Isopoda ,Oniscidae ,Oniscus asellus ,1.5712,1.111,0.1,20,,,Byzova 1973 (data of Phillipson & Watson 1965 ,
451,Malacostraca,Isopoda ,Oniscidae ,Oniscus asellus ,0.9433,0.667,0.15,20,,,Byzova 1973 (data of Phillipson & Watson 1965 ,
637,Malacostraca,Decapoda ,Oplophoridae ,Oplophorus gracilorostris ,3.7335,1.32,2.58,10,,,Cowles et al. 1991 ,
638,Malacostraca,Decapoda ,Oplophoridae ,Oplophorus gracilorostris ,4.0871,2.89,2.58,20,,,Cowles et al. 1991 ,
639,Malacostraca,Decapoda ,Oplophoridae ,Oplophorus gracilorostris ,6.52,1.63,2.58,5,,,Cowles et al. 1991 ,
640,Malacostraca,Decapoda ,Oplophoridae ,Oplophorus spinosus ,1.7876,0.632,2.92,10,,,Cowles et al. 1991 ,
641,Malacostraca,Decapoda ,Oplophoridae ,Oplophorus spinosus ,4.1295,2.92,2.92,20,,,Cowles et al. 1991 ,
642,Malacostraca,Decapoda ,Oplophoridae ,Oplophorus spinosus ,4.2,1.05,2.92,5,,,Cowles et al. 1991 ,
646,Malacostraca,Decapoda ,Grapsidae ,Pachygrapsus marmoratus ,0.6995,0.4946,0.152,20,,,Ivlev & Sutschenya 1961 ,
648,Malacostraca,Decapoda ,Grapsidae ,Pachygrapsus marmoratus ,0.8573,0.6062,3.23,20,,,Abolmasova 1970 ,
649,Malacostraca,Decapoda ,Grapsidae ,Pachygrapsus marmoratus ,1.1936,0.844,4.4,20,,,Ivlev & Sutschenya 1961 ,
647,Malacostraca,Decapoda ,Grapsidae ,Pachygrapsus marmoratus ,0.7623,0.539,5.09,20,,,Abolmasova 1970 ,
644,Malacostraca,Decapoda ,Grapsidae ,Pachygrapsus marmoratus ,0.6817,0.482,5.3,20,,,Ivlev & Sutschenya 1961 ,
645,Malacostraca,Decapoda ,Grapsidae ,Pachygrapsus marmoratus ,0.6913,0.4888,7.77,20,,,Abolmasova 1970 ,
643,Malacostraca,Decapoda ,Grapsidae ,Pachygrapsus marmoratus ,0.5791,0.4095,14.7,20,,,Abolmasova 1970 ,
653,Malacostraca,Decapoda ,Palaemonidae ,Palaemon adspersus ,3.5702,2.5245,0.1,20,,,Romanova & Khmeleva 1978 ,
652,Malacostraca,Decapoda ,Palaemonidae ,Palaemon adspersus ,3.4019,2.4055,0.132,20,,,Romanova & Khmeleva 1978 ,
650,Malacostraca,Decapoda ,Palaemonidae ,Palaemon adspersus ,1.5322,1.0834,3.2,20,,,Romanova & Khmeleva 1978 ,
651,Malacostraca,Decapoda ,Palaemonidae ,Palaemon adspersus ,1.6787,1.187,3.28,20,,,Romanova & Khmeleva 1978 ,
655,Malacostraca,Decapoda ,Pandalidae ,Pandalopsis ampla ,0.5054,0.11,5.96,3,,,Childress et al. 1990 ,
654,Malacostraca,Decapoda ,Pandalidae ,Pandalopsis ampla ,0.2994,0.089,9.55,7.5,,,Childress et al. 1990 ,
658,Malacostraca,Decapoda ,Pandalidae ,Pandalus jordani ,1,0.25,12.08,5,,,Childress et al. 1990 ,
657,Malacostraca,Decapoda ,Pandalidae ,Pandalus jordani ,0.9617,0.34,12.67,10,,,Childress et al. 1990 ,
656,Malacostraca,Decapoda ,Pandalidae ,Pandalus jordani ,0.68,0.34,12.8,15,,,Childress et al. 1990 ,
660,Malacostraca,Decapoda ,Pandalidae ,Pandalus platyceros ,0.92,0.23,25.4,5,,,Childress et al. 1990 ,
659,Malacostraca,Decapoda ,Pandalidae ,Pandalus platyceros ,0.82,0.41,32.26,15,,,Childress et al. 1990 ,
661,Malacostraca,Decapoda ,Pandalidae ,Pandalus platyceros ,0.9334,0.33,40.89,10,,,Childress et al. 1990 ,
663,Malacostraca,Decapoda ,Xanthidae  ,Panopeus herbstii ,0.5483,0.3877,1,20,,,Leffler 1973 ,
662,Malacostraca,Decapoda ,Xanthidae ,Panopeus herbstii ,0.411,0.2906,10,20,,,Leffler 1973 ,
664,Malacostraca,Decapoda ,Lithodidae,Paralomis multispina ,0.3079,0.067,7.64,3,,,Childress et al. 1990 ,
665,Malacostraca,Decapoda ,Parathelphusidae ,Parathelphusa hydrodromus ,0.3079,0.2177,10,20,,,Kotaiah & Rajabai 1972 ,
666,Malacostraca,Decapoda ,Parathelphusidae  ,Parathelphusa hydrodromus ,0.361,0.2553,10,20,0.353,79.5,Kotaiah & Rajabai 1972 ,
667,Malacostraca,Decapoda ,Pasiphaeidae,Pasiphaea chacei ,1.4194,0.422,1.73,7.5,,,Childress 1975 ,
668,Malacostraca,Decapoda ,Pasiphaeidae ,Pasiphaea chacei ,2.4117,0.717,1.73,7.5,0.353,79.5,Childress 1975 ,
669,Malacostraca,Decapoda ,Pasiphaeidae  ,Pasiphaea emarginata ,0.2705,0.07,11.07,5.5,2.58,76.7,Childress 1975 ,
670,Malacostraca,Decapoda ,Pasiphaeidae,Pasiphaea emarginata ,2.7819,0.72,11.07,5.5,2.58,76.7,Childress 1975 ,
671,Malacostraca,Decapoda ,Pasiphaeidae ,Pasiphaea pacifica ,1.3791,0.41,1.91,7.5,0.37,80.4,Childress 1975 ,
672,Malacostraca,Decapoda ,Pasiphaeidae  ,Pasiphaea pacifica ,1.8163,0.54,1.91,7.5,0.37,80.4,Childress 1975,
674,Malacostraca,Decapoda ,Pasiphaeidae  ,Pasiphaea scotiae,1.339,0.24,1.26,0.2,0.4032,68,Ikeda 1988 ,
673,Malacostraca,Decapoda ,Pasiphaeidae,Pasiphaea scotiae ,1.3297,0.24,0.61,0.3,0.19591,68, Ikeda 1988 ,
675,Malacostraca,Decapoda ,Penaidae,Penaeus sp. ,3.0088,1.239,0.103,12.2,0.01558,84.9,Ikeda 1970 ,
676,Malacostraca,Decapoda ,Pandalidae ,Plesionika sp. ,2.0478,0.53,1.92,5.5,0.43,77.7,Childress 1975 ,
677,Malacostraca,Decapoda ,Pandalidae  ,Plesionika sp. ,4.1342,1.07,1.92,5.5,0.43,77.7,Childress 1975 ,
678,Malacostraca,Decapoda ,Galatheidae,Pleuroncodes planipes ,1.12,0.56,1.9,15,0.47,75.4,Childress 1975 ,
493,Malacostraca,Isopoda ,Porcellionidae ,Porcellio laevis ,1.5712,1.111,0.012,20,,,Byzova 1973 (data of Edney 1964) ,
492,Malacostraca,Isopoda ,Porcellionidae ,Porcellio laevis ,0.7071,0.5,0.18,20,,,Byzova 1973 (data of Edney 1964) ,
497,Malacostraca,Isopoda ,Porcellionidae ,Porcellio scaber ,3.1424,2.222,0.007,20,,,Byzova 1973 (data of Will 1952) ,
494,Malacostraca,Isopoda ,Porcellionidae ,Porcellio scaber ,0.9433,0.667,0.06,20,,,Byzova 1973 (data of Edney & Spencer 1955) ,
495,Malacostraca,Isopoda ,Porcellionidae ,Porcellio scaber ,1.5712,1.111,0.1,20,,,"Byzova 1973 (data of Wieser 1963, 1965) ",
496,Malacostraca,Isopoda ,Porcellionidae ,Porcellio scaber ,1.8851,1.333,0.25,20,,,Byzova 1973 (data of Edney 1964) ,
679,Malacostraca,Decapoda ,Crangonidae ,Sabinea septemcarinata ,1.0748,0.19,4.1,0,,,Schmid 1996 ,
680,Malacostraca,Decapoda ,Crangonidae ,Sclerocrangon ferox ,0.379,0.067,13,0,,,Schmid 1996 ,
688,Malacostraca,Decapoda ,Scyllaridae ,Scylla serrata ,3.1577,2.2328,0.5,20,,,Veerannan 1972 ,
687,Malacostraca,Decapoda , Scyllaridae ,Scylla serrata ,2.523,1.784,1,20,,,Veerannan 1972 ,
685,Malacostraca,Decapoda ,Scyllaridae ,Scylla serrata ,1.9041,1.3464,2,20,,,Veerannan 1972 ,
684,Malacostraca,Decapoda ,Scyllaridae,Scylla serrata ,1.6661,1.1781,3,20,,,Veerannan 1972 ,
683,Malacostraca,Decapoda ,Scyllaridae  ,Scylla serrata ,1.6636,1.911,3.58,27,,,Veerannan 1974 ,
686,Malacostraca,Decapoda ,Scyllaridae,Scylla serrata ,1.9332,1.367,3.58,20,,,Veerannan 1972 ,
682,Malacostraca,Decapoda ,Scyllaridae ,Scylla serrata ,1.3964,0.9874,5,20,,,Veerannan 1972 ,
681,Malacostraca,Decapoda ,Scyllaridae ,Scylla serrata ,1.0711,0.7574,10,20,,,Veerannan 1972 ,
690,Malacostraca,Decapoda ,Sergestidae,Sergestes bisulcatus,1.3011,0.92,2.54,20,,,Cowles et al. 1991 ,
691,Malacostraca,Decapoda ,Sergestidae ,Sergestes bisulcatus ,1.6405,0.58,2.54,10,,,Cowles et al. 1991 ,
689,Malacostraca,Decapoda ,Sergestidae  ,Sergestes bisulcatus  ,1.28,0.32,2.54,5,,,Cowles et al. 1991 ,
692,Malacostraca,Decapoda ,Sergestidae  ,Sergestes fulgens ,1.88,0.47,1.06,5,,,Cowles et al. 1991 ,
693,Malacostraca,Decapoda ,Sergestidae,Sergestes fulgens ,2.4042,0.85,1.06,10,,,Cowles et al. 1991 ,
694,Malacostraca,Decapoda ,Sergestidae ,Sergestes fulgens ,3.5355,2.5,1.06,20,,,Cowles et al. 1991 ,
695,Malacostraca,Decapoda ,Sergestidae  ,Sergestes phorcus ,0.4868,0.126,3.951,5.5,0.89,77.5,Childress 1975  ,
696,Malacostraca,Decapoda ,Sergestidae,Sergestes phorcus ,1.588,0.411,3.951,5.5,0.89,77.5,Childress 1975,
697,Malacostraca,Decapoda ,Sergestidae ,Sergestes similis ,1.3633,0.482,0.57,10,0.133,76.6,Childress 1975 ,
698,Malacostraca,Decapoda ,Sergestidae  ,Sergestes similis ,4.5255,1.6,0.57,10,0.133,76.6,Childress 1975 ,
699,Malacostraca,Decapoda ,Sergestidae,Sergestes tenuiremis ,0.76,0.19,2.61,5,,,Cowles et al. 1991 ,
700,Malacostraca,Decapoda ,Sergestidae ,Sergestes tenuiremis ,0.8344,0.59,2.61,20,,,Cowles et al. 1991 ,
701,Malacostraca,Decapoda ,Sergestidae  ,Sergestes tenuiremis ,1.4142,0.5,2.61,10,,,Cowles et al. 1991 ,
501,Malacostraca,Isopoda ,Serolidae ,Serolis cornuta ,0.487,0.106,1.4,3,,,Luxmoore 1984 ,
505,Malacostraca,Isopoda ,Serolidae ,Serolis cornuta ,2.7293,0.594,1.4,3,0.28,80,Opalinski 1991 ,
500,Malacostraca,Isopoda ,Serolidae ,Serolis cornuta ,0.4181,0.082,1.64,1.5,,,Luxmoore 1984 ,
504,Malacostraca,Isopoda ,Serolidae ,Serolis cornuta ,2.3554,0.462,1.64,1.5,0.328,80.5,Opalinski 1991 ,
499,Malacostraca,Isopoda ,Serolidae ,Serolis cornuta ,0.3224,0.057,2.59,0,,,Luxmoore 1984 ,
503,Malacostraca,Isopoda ,Serolidae ,Serolis cornuta ,1.8215,0.322,2.59,0,0.518,80,Opalinski 1991 ,
498,Malacostraca,Isopoda ,Serolidae ,Serolis cornuta ,0.3076,0.049,2.775,-1.5,,,Luxmoore 1984 ,
502,Malacostraca,Isopoda ,Serolidae ,Serolis cornuta ,1.7261,0.275,2.775,-1.5,0.555,80,Opalinski 1991 ,
509,Malacostraca,Isopoda ,Serolidae ,Serolis polita ,0.4792,0.094,0.3,1.5,0.06,80,Opalinski 1991 ,
508,Malacostraca,Isopoda ,Serolidae ,Serolis polita ,0.4639,0.082,0.305,0,0.061,80,Opalinski 1991 ,
506,Malacostraca,Isopoda ,Serolidae ,Serolis polita ,0.4205,0.067,0.345,-1.5,0.069,80,Opalinski 1991 ,
507,Malacostraca,Isopoda ,Serolidae ,Serolis polita ,0.4503,0.098,0.35,3,0.07,80,Opalinski 1991 ,
704,Malacostraca,Decapoda ,Grapsidae  ,Sesarma quadratus,1.7731,1.2538,2,20,,,Veerannan 1974 ,
705,Malacostraca,Decapoda ,Grapsidae,Sesarma quadratus ,2.388,1.6886,1,20,,,Veerannan 1974 ,
706,Malacostraca,Decapoda ,Grapsidae  ,Sesarma quadratus ,3.3163,2.345,0.5,20,,,Veerannan 1974 ,
703,Malacostraca,Decapoda ,Grapsidae ,Sesarma quadratus ,1.481,1.0472,3,20,,,Veerannan 1974 ,
702,Malacostraca,Decapoda ,Grapsidae,Sesarma quadratus ,1.1821,0.8359,5,20,,,Veerannan 1974 ,
708,Malacostraca,Decapoda ,Sicyoniidae ,Sicyonia igentis ,1.3,0.65,19.03,15,,,Childress et al. 1990 ,
707,Malacostraca,Decapoda ,Sicyoniidae,Sicyonia igentis ,0.6788,0.24,19.26,10,,,Childress et al. 1990 ,
510,Malacostraca,Isopoda ,Asellidae ,Stenasellus virei ,0.82,0.31,0.012,11,,,Hervant et al. 1997 ,
709,Malacostraca,Decapoda ,Polychelidae ,Stereomastis sculpta ,0.1189,0.025,16.76,2.5,,,Childress et al. 1990 ,
710,Malacostraca,Decapoda ,Grapsidae ,Systellaspis cristata ,0.313,0.081,1.39,5.5,0.378,72.8,Childress 1975 ,
711,Malacostraca,Decapoda ,Grapsidae ,Systellaspis cristata ,3.0485,0.789,1.39,5.5,0.378,72.8,Childress 1975 ,
712,Malacostraca,Decapoda ,Oplophoridae ,Systellaspis debilis ,1.2,0.3,1.22,5,,,Cowles et al. 1991 ,
713,Malacostraca,Decapoda ,Oplophoridae ,Systellaspis debilis ,1.3718,0.97,1.22,20,,,Cowles et al. 1991 ,
714,Malacostraca,Decapoda ,Oplophoridae ,Systellaspis debilis ,1.5274,0.54,1.22,10,,,Cowles et al. 1991 ,
715,Malacostraca,Decapoda ,Ocypodidae ,Uca leptodactyla ,0.5319,0.3761,0.27,20,,,Vernberg 1959 ,
716,Malacostraca,Decapoda ,Ocypodidae ,Uca minax ,0.2703,0.1911,6.37,20,,,Vernberg 1959 ,
717,Malacostraca,Decapoda ,Ocypodidae ,Uca mordax ,0.4766,0.337,2.58,20,,,Vernberg 1959 ,
718,Malacostraca,Decapoda ,Ocypodidae ,Uca pugnas ,0.2516,0.1779,2.21,20,,,Silverthorn 1975 ,
719,Malacostraca,Decapoda ,Ocypodidae ,Uca pugnas ,0.324,0.2291,2.26,20,,,Silverthorn 1975 ,
722,Malacostraca,Decapoda ,Ocypodidae ,Uca pugnas ,0.4718,0.3336,2.27,20,,,Silverthorn ,
720,Malacostraca,Decapoda ,Ocypodidae ,Uca pugnas ,0.4134,0.2923,2.61,20,,,Silverthorn 1975 ,
721,Malacostraca,Decapoda ,Ocypodidae ,Uca pugnas ,0.4284,0.3029,3,20,,,Vernberg 1959 ,
724,Malacostraca,Decapoda ,Ocypodidae ,Uca rapax ,0.5951,0.4208,2.48,20,,,Vernberg 1959 ,
723,Malacostraca,Decapoda ,Ocypodidae ,Uca rapax ,0.5234,0.3701,3.85,20,,,Vernberg 1959 ,
725,Malacostraca,Decapoda ,Ocypodidae ,Uca thayeri ,0.3651,0.2582,4.65,20,,,Vernberg 1959 ,
737,Malacostraca,Decapoda ,Xanthidae ,Xantho hydrophilus ,0.7662,0.5418,0.906,20,,,Abolmasova 1969 ,
736,Malacostraca,Decapoda ,Xanthidae ,Xantho hydrophilus ,0.6107,0.4318,1.91,20,,,Abolmasova 1969 ,
734,Malacostraca,Decapoda ,Xanthidae ,Xantho hydrophilus ,0.5268,0.3725,2.5,20,,,Abolmasova 1969 ,
733,Malacostraca,Decapoda ,Xanthidae ,Xantho hydrophilus ,0.503,0.3557,3.06,20,,,Abolmasova 1969 ,
735,Malacostraca,Decapoda ,Xanthidae ,Xantho hydrophilus ,0.5432,0.3841,3.9,20,,,Abolmasova 1969 ,
732,Malacostraca,Decapoda ,Xanthidae ,Xantho hydrophilus ,0.4871,0.3444,4.61,20,,,Abolmasova 1969 ,
728,Malacostraca,Decapoda ,Xanthidae ,Xantho hydrophilus ,0.3953,0.2795,5.8,20,,,Abolmasova 1969 ,
731,Malacostraca,Decapoda ,Xanthidae ,Xantho hydrophilus ,0.4837,0.342,6.2,20,,,Abolmasova 1969 ,
726,Malacostraca,Decapoda ,Xanthidae ,Xantho hydrophilus ,0.3294,0.2329,8.31,20,,,Abolmasova 1969 ,
730,Malacostraca,Decapoda ,Xanthidae ,Xantho hydrophilus ,0.4121,0.2914,11.3,20,,,Abolmasova 1969 ,
729,Malacostraca,Decapoda ,Xanthidae ,Xantho hydrophilus ,0.3956,0.2797,13.7,20,,,Abolmasova 1969 ,
727,Malacostraca,Decapoda ,Xanthidae ,Xantho hydrophilus ,0.3462,0.2448,16.52,20,,,Abolmasova 1969 ,
4,Maxillopoda,Copepoda ,Acartiidae ,Acartia clausi ,13.6,3.4,0.000021,5,0.0000041,?80 ,Conover 1960 ,
6,Maxillopoda,Copepoda ,Acartiidae ,Acartia clausi ,15.8,4.2,0.000022,5.9,0.0000044,?80 ,Conover 1960 ,
5,Maxillopoda,Copepoda ,Acartiidae ,Acartia clausi ,14.4,3.6,0.000024,5,0.0000047,?80 ,Conover 1960 ,
2,Maxillopoda,Copepoda ,Acartiidae ,Acartia clausi ,7.5,2,0.000025,5.9,0.0000049,?80 ,Conover 1960 ,
1,Maxillopoda,Copepoda ,Acartiidae ,Acartia clausi ,5.252,2.626,0.0000275,15,0.0000055,80,Nival et al. 1972 ,
8,Maxillopoda,Copepoda ,Acartiidae ,Acartia clausi ,17.6,4.4,0.000036,5,0.0000072,?80 ,Conover 1960 ,
7,Maxillopoda,Copepoda ,Acartiidae ,Acartia clausi ,16.3,4.25,0.000037,5.6,0.0000073,?80 ,Conover 1960 ,
3,Maxillopoda,Copepoda ,Acartiidae ,Acartia clausi ,8.3145,4.1,0.0000425,14.8,0.0000085,?80 ,Ikeda et al. 2001 ,
9,Maxillopoda,Copepoda ,Acartiidae ,Acartia latisetosa ,11.7,8.3,0.0000297,20,,,Pavlova 1961 ,
10,Maxillopoda,Copepoda ,Acartiidae ,Acartia longiremis ,11.1665,3.84,0.0000405,9.6,0.0000081,?80 ,Ikeda et al. 2001 ,
11,Maxillopoda,Copepoda ,Acartiidae ,Acartia pacifica ,6.158,6.6,0.000039,26,0.0000078,?80 ,Ikeda et al. 2001 ,
12,Maxillopoda,Copepoda ,Acartiidae ,Acartia tonsa ,10.9572,8.9,0.000035,22,0.000007,?80 ,Ikeda et al. 2001 ,
13,Maxillopoda,Copepoda ,Arietellidae ,Arietellus cf. plumifer ,0.88,0.22,0.0095,5,,,Thuesen et al. 1998 ,
14,Maxillopoda,Copepoda ,Megacalanidae ,Bathycalanus bradyi ,0.5788,0.135,0.0299,4,0.0084,72,Childress 1975 ,
16,Maxillopoda,Copepoda ,Megacalanidae ,Bathycalanus bradyi ,1.5862,0.37,0.0299,4,0.0084,0.069 72 ,Childress 1975 ,
18,Maxillopoda,Copepoda ,Megacalanidae ,Bathycalanus bradyi ,1.071,0.21,0.053,1.5,,,Thuesen et al. 1998 ,
15,Maxillopoda,Copepoda ,Megacalanidae ,Bathycalanus bradyi ,0.816,0.204,0.0555,5,,,Thuesen et al. 1998 ,
17,Maxillopoda,Copepoda ,Megacalanidae ,Bathycalanus bradyi ,0.736,0.184,0.0756,5,,,Thuesen et al. 1998 ,
19,Maxillopoda,Copepoda ,Megacalanidae ,Bathycalanus princeps ,0.228,0.059,0.0355,5.5,0.007,80.2,Childress 1975 ,
20,Maxillopoda,Copepoda ,Megacalanidae ,Bathycalanus princeps ,1.2634,0.327,0.0355,5.5,0.007,80.2,Childress 1975 ,
21,Maxillopoda,Copepoda ,Megacalanidae ,Bathycalanus richard ,0.732,0.183,0.038,5,,,Thuesen et al. 1998 ,
23,Maxillopoda,Copepoda ,Megacalanidae ,Bathycalanus richardi ,1.193,0.234,0.0377,1.5,,,Thuesen et al. 1998 ,
22,Maxillopoda,Copepoda ,Megacalanidae ,Bathycalanus richardi ,0.532,0.133,0.056,5,,,Thuesen et al. 1998 ,
24,Maxillopoda,Copepoda ,Megacalanidae ,Bathycalanus sp. ,1.67,0.42,0.0895,5.1,0.0179,?80 ,Conover 1960 ,
25,Maxillopoda,Copepoda ,Megacalanidae ,Bathycalanus sp. A ,0.816,0.204,0.0572,5,,,Thuesen et al. 1998 ,
28,Maxillopoda,Copepoda ,Calanidae ,Calanoides acutus ,3.8652,0.66,0.0011,-0.5,0.000218,?80 ,Ikeda et al. 2001 ,
27,Maxillopoda,Copepoda ,Calanidae ,Calanoides acutus ,3.3841,0.59,0.002,-0.2,0.000394,?80 ,Ikeda et al. 2001 ,
26,Maxillopoda,Copepoda ,Calanidae ,Calanoides acutus ,0.9108,0.161,0.003329,0,0.00079,76.3,Kawall et al. 2001 ,
29,Maxillopoda,Copepoda ,Pontellidae ,Calanopia elliptica ,4.7079,5.56,0.00028,27.4,0.000056,?80 ,Ikeda et al. 2001 ,
32,Maxillopoda,Copepoda ,Calanidae ,Calanus cristatus ,3.1012,1.167,0.00704,10.9,0.00138,,Ikeda 1971 ,
34,Maxillopoda,Copepoda ,Calanidae ,Calanus cristatus ,7.0211,2.161,0.00755,8,0.00148,,Ikeda 1971 ,
35,Maxillopoda,Copepoda ,Calanidae ,Calanus cristatus ,7.4097,2.394,0.0076,8.7,0.00149,,Ikeda 1971 ,
30,Maxillopoda,Copepoda ,Calanidae ,Calanus cristatus ,2.8473,1.094,0.00862,11.2,0.00169,,Ikeda 1971 ,
31,Maxillopoda,Copepoda ,Calanidae ,Calanus cristatus ,2.9639,1.1,0.00908,10.7,0.00178,,Ikeda 1971 ,
33,Maxillopoda,Copepoda ,Calanidae ,Calanus cristatus ,6.0946,1.85,0.00918,7.8,0.0018,,Ikeda 1971 ,
37,Maxillopoda,Copepoda ,Calanidae ,Calanus finmarchicus ,3.6,1.06,0.00094,7.5,0.000188,?80 ,Conover 1960 ,
38,Maxillopoda,Copepoda ,Calanidae ,Calanus finmarchicus ,7,1.25,0.0015,0.1,0.000387,73.5,Ikeda & Skjoldal 1989 ,
36,Maxillopoda,Copepoda ,Calanidae ,Calanus finmarchicus ,1.6,0.5,0.0017,8,0.000344,?80 ,Conover 1960 ,
39,Maxillopoda,Copepoda ,Calanidae ,Calanus glacialis ,7.8,1.73,0.002,3.5,0.00041,79.7,Ikeda & Skjoldal 1989 , 
40,Maxillopoda,Copepoda ,Calanidae ,Calanus glacialis ,7.83,1.34,0.0024,-0.5,0.000662,76.6,Ikeda & Skjoldal 1989 , 
41,Maxillopoda,Copepoda ,Calanidae ,Calanus helgolandicus ,7.818,3.909,0.000415,15,0.000086,83,Nival et al. 1972 ,
42,Maxillopoda,Copepoda ,Calanidae ,Calanus helgolandicus ,12.6912,4.487,0.000595,10,0.000119,80,Nival et al. 1972 ,
47,Maxillopoda,Copepoda ,Calanidae ,Calanus hyperboreus ,3.72,0.7,0.0081,0.9,0.00194,76.1,Ikeda & Skjoldal 1989 ,
48,Maxillopoda,Copepoda ,Calanidae ,Calanus hyperboreus ,3.9,0.68,0.0085,-0.3,0.00268,68.6,Ikeda & Skjoldal 1989 ,
44,Maxillopoda,Copepoda ,Calanidae ,Calanus hyperboreus ,1.36,0.48,0.012,10,0.00362,?71 ,Conover 1960 ,
46,Maxillopoda,Copepoda ,Calanidae ,Calanus hyperboreus ,3.7,0.67,0.012,1.3,0.00395,68,Ikeda & Skjoldal 1989 ,
43,Maxillopoda,Copepoda ,Calanidae ,Calanus hyperboreus ,1.05,0.37,0.013,10,0.00368,?71 ,Conover 1960 ,
49,Maxillopoda,Copepoda ,Calanidae ,Calanus pacificus ,8.319,4.778,0.000513,17,0.00009,82.5,Ikeda 1970 ,
51,Maxillopoda,Copepoda ,Calanidae ,Calanus propinquus ,5.4,0.89,0.0042,-1,0.000847,?80 ,Ikeda & Mitchell 1982 ,
50,Maxillopoda,Copepoda ,Calanidae ,Calanus propinquus ,1.6631,0.294,0.004718,0,0.00101,78.5,Kawall et al. 2001 ,
53,Maxillopoda,Copepoda ,Calanidae ,Calanus propinquus ,7.6,1.26,0.0052,-1,0.00104,?80 ,Ikeda & Mitchell 1982 ,
52,Maxillopoda,Copepoda ,Calanidae ,Calanus propinquus ,7.0936,1.17,0.0056,-1,0.00104,81.4,Ikeda 1988 ,
54,Maxillopoda,Copepoda ,Calanidae ,Calanus tonsus ,13.2049,2.178,0.001,-1,0.0002,90,Opalinski 1991 ,
55,Maxillopoda,Copepoda ,Calanidae ,Calanus vulgaris ,16.6955,23.611,0.00106,30,0.00022,79.2,Ikeda 1970 ,
56,Maxillopoda,Copepoda ,Candaciidae  ,Candacia aethiopica ,16.4076,21.278,0.00046,28.75,0.000065,85.9,Ikeda 1970 ,
58,Maxillopoda,Copepoda ,Candaciidae ,Candacia columbiae ,1.9341,0.544,0.00312,6.7,0.0006,80.8,Ikeda 1970 ,
57,Maxillopoda,Copepoda ,Candaciidae,Candacia columbiae ,0.7091,0.194,0.00367,6.3,0.00042,88.6,Ikeda 1970 ,
59,Maxillopoda,Copepoda ,Candaciidae ,Candacia sp. ,20.43,10.215,0.000155,15,0.000031,80,Nival et al. 1972 , 
60,Maxillopoda,Copepoda ,Centropaidae ,Centropages abdominaris ,10.5227,5.6,0.000085,15.9,0.000017,?80 ,Ikeda et al. 2001 , 
61,Maxillopoda,Copepoda ,Centropaidae ,Centropages brachiatus ,13.4364,6.4,0.0001,14.3,0.00002,?80 ,Ikeda et al. 2001 , 
62,Maxillopoda,Copepoda ,Centropaidae ,Centropages kroyeri ,9.4,6.7,0.000039,20,,,Pavlova 1961 , 
63,Maxillopoda,Copepoda ,Centropaidae ,Centropages trispinosus ,34.6199,24.48,0.000066,20,,,Rajagopal 1962 , 
64,Maxillopoda,Copepoda ,Centropaidae ,Centropages trispinosus ,35.5964,46.97,0.000066,29,0.000013,80.4,Rajagopal 1962 ,
65,Maxillopoda,Copepoda ,Clausocalanidae ,Clausocalanus furcatus ,20.844,14.739,0.000019,20,,,Pavlova 1975 ,
66,Maxillopoda,Copepoda ,Halocyprididae ,Conchoecia sp. ,17.709,12.522,0.000045,20,,,Pavlova 1975 ,
67,Maxillopoda,Copepoda ,Corycaeidae ,Corycaeus typicus ,7.766,3.883,0.0000515,15,0.0000103,80,Nival et al. 1972 ,
68,Maxillopoda,Copepoda ,Heterorhabdidae ,Disseta grandis ,0.692,0.173,0.0114,5,,,Thuesen et al. 1998 ,
69,Maxillopoda,Copepoda ,Heterorhabdidae ,Disseta scopularis ,0.332,0.083,0.0195,5,,,Thuesen et al. 1998 ,
70,Maxillopoda,Copepoda ,Heterorhabdidae ,Disseta scopularis ,0.693,0.136,0.0257,1.5,,,Thuesen et al. 1998 ,
71,Maxillopoda,Copepoda ,Aetideidae ,Euatideus giesbrechti ,5.94,4.2,0.000215,20,,,Pavlova 1975 ,
72,Maxillopoda,Copepoda ,Augauptilidae ,Euaugaptilus antarcticus ,0.512,0.128,0.0225,5,,,Thuesen et al. 1998 ,
73,Maxillopoda,Copepoda ,Augauptilidae ,Euaugaptilus magnus ,0.288,0.072,0.0309,5,,,Thuesen et al. 1998 ,
74,Maxillopoda,Copepoda ,Augauptilidae ,Euaugaptilus nodifrons ,0.28,0.07,0.0597,5,,,Thuesen et al. 1998 ,
76,Maxillopoda,Copepoda ,Eucalanidae ,Eucalanus attenuatus ,6.2151,7.34,0.000685,27.4,0.000137,?80 ,Ikeda et al. 2001 ,
75,Maxillopoda,Copepoda ,Eucalanidae ,Eucalanus attenuatus ,2.398,1.199,0.001389,15,0.00025,82,Nival et al. 1972 ,
79,Maxillopoda,Copepoda ,Eucalanidae ,Eucalanus bungii ,3.247,0.87,0.005,6,0.00101,?80 ,Ikeda et al. 2001 ,
78,Maxillopoda,Copepoda ,Eucalanidae ,Eucalanus bungii ,2.2367,0.589,0.00807,5.75,0.00081,90,Ikeda 1970 ,
77,Maxillopoda,Copepoda ,Eucalanidae ,Eucalanus bungii ,1.8496,0.506,0.00822,6.3,0.00093,88.7,Ikeda 1970 ,
80,Maxillopoda,Copepoda ,Eucalanidae ,Eucalanus crassus ,10.8093,15.5,0.00207,30.2,0.00036,82.6,Ikeda 1970 ,
82,Maxillopoda,Copepoda ,Eucalanidae ,Eucalanus elongatus ,5.206,2.603,0.00054,15,0.000108,80,Nival et al. 1972 ,
81,Maxillopoda,Copepoda ,Eucalanidae ,Eucalanus elongatus ,1.87,1.322,0.001786,20,,,Pavlova 1975 ,
84,Maxillopoda,Copepoda ,Eucalanidae ,Eucalanus marina ,11.6954,15.167,0.00082,28.75,0.000119,85.5,Ikeda 1970 ,
83,Maxillopoda,Copepoda ,Eucalanidae ,Eucalanus marina ,8.4832,10.444,0.00143,28,0.000234,83.7,Ikeda 1970 ,
85,Maxillopoda,Copepoda ,Eucalanidae ,Eucalanus monachus ,16.8143,24.111,0.00145,30.2,0.00022,79.2,Ikeda 1970 ,
86,Maxillopoda,Copepoda ,Eucalanidae ,Eucalanus mucronatus ,3.8106,5.389,0.00072,30,0.00018,80.6,Ikeda 1970 ,
88,Maxillopoda,Copepoda ,Eucalanidae ,Eucalanus subcrassus ,18.2278,12.89,0.000191,20,,,Rajagopal 1962 ,
89,Maxillopoda,Copepoda ,Eucalanidae ,Eucalanus subcrassus ,19.0457,25.13,0.000191,29,0.0000375,80.4,Rajagopal 1962 ,
87,Maxillopoda,Copepoda ,Eucalanidae ,Eucalanus subcrassus ,7.5024,7,0.00052,24,0.000104,?80 ,Ikeda et al. 2001 ,
90,Maxillopoda,Copepoda ,Euchaetidae ,Euchaeta antarctica ,1.0069,0.178,0.003,0,0.0006,80,Opalinski 1991 ,
91,Maxillopoda,Copepoda ,Euchaetidae ,Euchaeta marina ,5.466,5.1,0.00146,24,0.000291,?80 ,Ikeda et al. 2001 ,
93,Maxillopoda,Copepoda ,Euchaetidae ,Euchaeta plana ,12.3641,15.222,0.00095,28,0.000158,83.4,Ikeda 1970 , 
92,Maxillopoda,Copepoda ,Euchaetidae ,Euchaeta plana ,1.116,0.7891,0.003,20,,,Opalinski 1991 ,
94,Maxillopoda,Copepoda ,Lucicitiidae ,Euchirella amoena ,9.1606,11.278,0.00266,28,0.00056,79,Ikeda 1970 , 
95,Maxillopoda,Copepoda ,Lucicitiidae ,Euchirella bitumida ,1.196,0.299,0.0094,5,,,Thuesen et al. 1998 ,
96,Maxillopoda,Copepoda ,Lucicitiidae ,Euchirella bitumida ,1.417,0.278,0.0128,1.5,,,Thuesen et al. 1998 ,
97,Maxillopoda,Copepoda ,Lucicitiidae ,Euchirella maxima ,1.012,0.253,0.0188,5,,,Thuesen et al. 1998 ,
98,Maxillopoda,Copepoda ,Lucicitiidae ,Euchirella rostrata ,3.234,1.617,0.00158,15,0.000316,80,Nival et al. 1972 ,
100,Maxillopoda,Copepoda ,Lucicitiidae ,Euchirella rostrata ,4.5,1.25,0.0041,6.5,0.00082,?80 ,Conover 1960 ,
99,Maxillopoda,Copepoda ,Lucicitiidae ,Euchirella rostrata ,4.3,1.2,0.0045,6.5,0.00089,?80 ,Conover 1960 ,
101,Maxillopoda,Copepoda ,Lucicitiidae ,Euchirella rostrata ,5.7,1.6,0.0047,6.5,0.000947,?80 ,Conover 1960 ,
102,Maxillopoda,Copepoda ,Tachidiidae ,Euterpina acutifrons ,6.022,3.011,0.0000107,15,0.00000214,80,Nival et al. 1972 ,
103,Maxillopoda,Copepoda ,Aetideidae ,Gaetanus antarcticus ,0.459,0.09,0.0257,1.5,, ,Thuesen et al. 1998 ,
104,Maxillopoda,Copepoda ,Aetideidae ,Gaetanus antarcticus ,0.628,0.157,0.0257,5,, ,Thuesen et al. 1998 ,
105,Maxillopoda,Copepoda ,Aetideidae ,Gaetanus kruppi ,0.688,0.172,0.0072,5,, ,Thuesen et al. 1998 ,
106,Maxillopoda,Copepoda ,Aetideidae ,Gaetanus pileatus ,2.132,0.533,0.0085,5,, ,Thuesen et al. 1998 ,
107,Maxillopoda,Copepoda ,Aetideidae ,Gaetanus tenuispinus ,0.3168,0.056,0.00364,0,0.00545,85,Kawall et al. 2001 , 
108,Maxillopoda,Copepoda ,Metridiidae ,Gaussia princeps ,0.2925,0.084,0.0328,7,0.0054,83.7,Childress 1975 , 
110,Maxillopoda,Copepoda ,Metridinidae ,Gaussia princeps ,1.5008,0.431,0.0328,7,0.0054,83.7,Childress 1975 ,
109,Maxillopoda,Copepoda ,Metridinidae ,Gaussia princeps ,0.956,0.239,0.0356,5,,,Thuesen et al. 1998 ,
111,Maxillopoda,Copepoda ,Metridinidae ,Gaussia princeps (males) ,1.032,0.258,0.0346,5,, ,Thuesen et al. 1998 ,
113,Maxillopoda,Copepoda ,Augaptilidae ,Haloptilus longicornis ,3.244,2.294,0.00016,20,, ,Pavlova 1975 ,
112,Maxillopoda,Copepoda ,Augaptilidae ,Haloptilus longicornis ,1.706,1.206,0.00022,20,, ,Pavlova 1975 ,
114,Maxillopoda,Copepoda ,Heterorhabdidae ,Hemirhabdus grimaldii ,0.252,0.063,0.0382,5,, ,Thuesen et al. 1998 ,
115,Maxillopoda,Copepoda ,Heterorhabdidae ,Heterorhabdus farrani ,2.2062,0.39,0.003215,0,0.00034,89.5,Kawall et al. 2001 , 
118,Maxillopoda,Copepoda ,Pontellidae,Labidocera acuta ,11.3533,16.056,0.00099,30,0.00017,82.8, Ikeda 1970 ,
116,Maxillopoda,Copepoda ,Pontellidae ,Labidocera acuta ,7.8458,10,0.00114,28.5,0.000228,?80 ,Ikeda et al. 2001 , 
117,Maxillopoda,Copepoda ,Pontellidae  ,Labidocera acuta ,9.646,9,0.00117,24,0.000233,?80 ,Ikeda et al. 2001, 
119,Maxillopoda,Copepoda ,Pontellidae ,Labidocera detruncata ,34.8814,42.944,0.00093,28,0.00015,83.9,Ikeda 1970 , 
121,Maxillopoda,Copepoda ,Pontellidae ,Labidocera jollae ,3.8414,2.7163,0.0416,20,,,Childress 1975 ,
120,Maxillopoda,Copepoda ,Pontellidae ,Labidocera jollae ,3.7538,2.156,0.042,17,0.00645,84.5,Childress 1975 , 
122,Maxillopoda,Copepoda ,Pontellidae ,Labidocera sp. ,12.8849,18.222,0.00082,30,0.00018,78,Ikeda 1970 ,
123,Maxillopoda,Copepoda ,Scolecithricidae ,Landrumius gigas ,1.136,0.284,0.0309,5,, ,Thuesen et al. 1998 ,
124,Maxillopoda,Copepoda ,Lucicitiidae ,Lucicutia bicornuta ,0.548,0.137,0.0105,5,, ,Thuesen et al. 1998 ,
125,Maxillopoda,Copepoda ,Lucicitiidae ,Lucicutia flavicornis ,8.085,5.717,0.000129,20,, ,Pavlova 1975 ,
128,Maxillopoda,Copepoda ,Lucicitiidae ,Lucicutia maxima ,0.973,0.344,0.0104,10,, ,Thuesen et al. 1998 ,
126,Maxillopoda,Copepoda ,Lucicitiidae ,Lucicutia maxima ,0.696,0.174,0.0118,5,, ,Thuesen et al. 1998 ,
127,Maxillopoda,Copepoda ,Lucicitiidae ,Lucicutia maxima ,0.749,0.147,0.0147,1.5,, ,Thuesen et al. 1998 ,
129,Maxillopoda,Copepoda ,Megacalanidae ,Megacalanus princeps ,0.82,0.205,0.0556,5,, ,Thuesen et al. 1998 ,
134,Maxillopoda,Copepoda ,Megacalanidae ,Megacalanus sp. A ,1.321,0.467,0.0326,10,, ,Thuesen et al. 1998 ,
131,Maxillopoda,Copepoda ,Megacalanidae ,Megacalanus sp. A ,0.744,0.186,0.0345,5,, ,Thuesen et al. 1998 ,
133,Maxillopoda,Copepoda ,Megacalanidae ,Megacalanus sp. A ,1.071,0.21,0.0345,1.5,, ,Thuesen et al. 1998 ,
130,Maxillopoda,Copepoda ,Megacalanidae ,Megacalanus sp. A ,0.88,0.22,0.0349,5,, ,Thuesen et al. 1998 ,
132,Maxillopoda,Copepoda ,Megacalanidae ,Megacalanus sp. A ,0.918,0.18,0.0356,1.5,, ,Thuesen et al. 1998 ,
135,Maxillopoda,Copepoda ,Megacalanidae ,Megacalanus sp. B ,0.64,0.16,0.0372,5,, ,Thuesen et al. 1998 ,
136,Maxillopoda,Copepoda ,Calanidae ,Mesocalanus tenuicornis ,14.9269,7.889,0.000155,15.8,0.000031,?80 ,Ikeda et al. 2001 , 
138,Maxillopoda,Copepoda ,Metridinidae ,Metridia gerlachei ,6.7,1.1,0.0011,-1,0.000214,?80 ,Ikeda & Mitchell 1982 ,
139,Maxillopoda,Copepoda ,Metridinidae ,Metridia gerlachei ,8.3526,1.34,0.0013,-1.4,0.000265,?80 ,Ikeda & Mitchell 1982 ,
137,Maxillopoda,Copepoda ,Metridinidae ,Metridia gerlachei ,2.325,0.411,0.001409,0,0.00025,82.2,Kawall et al. 2001 , 
140,Maxillopoda,Copepoda ,Metridinidae ,Metridia longa ,8.2,1.46,0.00155,0.1,0.000353,77.2,Ikeda & Skjoldal 1989 , 
142,Maxillopoda,Copepoda ,Metridinidae ,Metridia pacifica ,7.4436,3.24,0.00047,13,0.000094,?80 ,Ikeda et al. 2001 ,
141,Maxillopoda,Copepoda ,Metridinidae ,Metridia pacifica ,4.2937,1.34,0.00074,8.2,0.000148,?80 ,Ikeda et al. 2001 , 
143,Maxillopoda,Copepoda ,Metridinidae ,Metridia princeps ,0.808,0.202,0.0111,5,,,Thuesen et al. 1998 ,
144,Maxillopoda,Copepoda ,Metridinidae ,Metridia princeps ,1.3,0.255,0.0125,1.5,,,Thuesen et al. 1998 ,
145,Maxillopoda,Copepoda ,Calanidae ,Nannocalanus minor ,5.0843,5.8,0.0002,26.9,0.00004,?80 ,Ikeda et al. 2001 ,
164,Maxillopoda,Copepoda ,Calanidae ,Neocalanus cristatus ,4.2767,1.17,0.008,6.3,0.001587,?80 ,Ikeda et al. 2001 ,
163,Maxillopoda,Copepoda ,Calanidae ,Neocalanus cristatus ,2.2456,0.456,0.009,2,0.0017,81.5,Ikeda et al. 2004 , 
159,Maxillopoda,Copepoda ,Calanidae ,Neocalanus cristatus ,1.2016,0.244,0.0153,2,0.00265,83.1,Ikeda et al. 2004,
160,Maxillopoda,Copepoda ,Calanidae ,Neocalanus cristatus ,1.2241,0.328,0.0166,6,0.00172,89.8,Ikeda et al. 2004,
147,Maxillopoda,Copepoda ,Calanidae ,Neocalanus cristatus ,0.5762,0.117,0.0172,2,0.00611,63.7,Ikeda et al. 2004 ,
157,Maxillopoda,Copepoda ,Calanidae  ,Neocalanus cristatus ,0.9195,0.283,0.0192,8,0.00209,89.4,Ikeda et al. 2004,
154,Maxillopoda,Copepoda ,Calanidae ,Neocalanus cristatus ,0.847,0.172,0.0195,2,0.00579,70.3,Ikeda et al. 2004 ,
162,Maxillopoda,Copepoda ,Calanidae ,Neocalanus cristatus ,2.2161,0.45,0.0202,2,0.00524,74.1,Ikeda et al. 2004 ,
156,Maxillopoda,Copepoda ,Calanidae ,Neocalanus cristatus ,0.9012,0.183,0.0206,2,0.00355,82.9,Ikeda et al. 2004 ,
151,Maxillopoda,Copepoda ,Calanidae ,Neocalanus cristatus ,0.6845,0.139,0.021,2,0.0068,67.6,Ikeda et al. 2004 ,
155,Maxillopoda,Copepoda ,Calanidae ,Neocalanus cristatus ,0.847,0.172,0.0221,2,0.00727,67.8,Ikeda et al. 2004 ,
161,Maxillopoda,Copepoda ,Calanidae ,Neocalanus cristatus ,1.2607,0.256,0.0226,2,0.00618,72.2,Ikeda et al. 2004 ,
146,Maxillopoda,Copepoda ,Calanidae ,Neocalanus cristatus ,0.5466,0.111,0.023,2,0.00832,63.9, Ikeda et al. 2004 ,
152,Maxillopoda,Copepoda ,Calanidae ,Neocalanus cristatus ,0.7387,0.15,0.0236,2,0.00865,63.5,Ikeda et al. 2004 ,
149,Maxillopoda,Copepoda ,Calanidae ,Neocalanus cristatus ,0.655,0.133,0.0242,2,0.00797,67.2,Ikeda et al. 2004 ,
153,Maxillopoda,Copepoda ,Calanidae ,Neocalanus cristatus ,0.7929,0.161,0.026,2,0.01,61.3,Ikeda et al. 2004 ,
148,Maxillopoda,Copepoda ,Calanidae ,Neocalanus cristatus ,0.6008,0.122,0.0264,2,0.00933,64.5,Ikeda et al. 2004 ,
150,Maxillopoda,Copepoda ,Calanidae ,Neocalanus cristatus ,0.655,0.133,0.0269,2,0.00908,65.6,Ikeda et al. 2004 ,
158,Maxillopoda,Copepoda ,Calanidae,Neocalanus cristatus ,0.9554,0.194,0.0299,2,0.00663,77.7,Ikeda et al. 2004,
166,Maxillopoda,Copepoda ,Calanidae ,Neocalanus gracilis ,6.2275,7.667,0.00212,28,0.00039,81.6,Ikeda 1970 ,
165,Maxillopoda,Copepoda ,Calanidae ,Neocalanus gracilis ,5.2559,3.64,0.0025,19.7,0.0005,?80 ,Ikeda et al. 2001 ,
169,Maxillopoda,Copepoda ,Calanidae  ,Neocalanus plumchrus ,4.5277,1.18,0.0013,5.6,0.000263,?80  ,Ikeda et al. 2001 ,
168,Maxillopoda,Copepoda ,Calanidae ,Neocalanus plumchrus ,4.171,2.1,0.0015,15.1,0.000294,?80 ,Ikeda et al. 2001 ,
167,Maxillopoda,Copepoda ,Calanidae ,Neocalanus plumchrus ,3.2741,0.96,0.004,7.3,0.000785,?80 ,Ikeda et al. 2001 ,
170,Maxillopoda,Copepoda ,Oithonidae,Oithona davisae ,9.85,9.85,0.000003,25,0.000000575,81,Castellani et al. 2005 ,
171,Maxillopoda,Copepoda ,Oithonidae ,Oithona minuta ,29.9,21.1,0.0000039,20,,,Pavlova 1961 ,
172,Maxillopoda,Copepoda ,Oithonidae ,Oithona nana ,17.236,7,0.0000026,12,0.0000005,81,Castellani et al. 2005 ,
173,Maxillopoda,Copepoda ,Oithonidae ,Oithona plumifera ,1.9292,1.8,0.0000089,24,0.0000017,81,Castellani et al. 2005 ,
174,Maxillopoda,Copepoda ,Oithonidae ,Oithona setigera ,6.4306,6,0.0000086,24,0.0000016,81,Castellani et al. 2005 ,
175,Maxillopoda,Copepoda ,Oithonidae ,Oithona similis ,0.48,0.48,0.000007,25,0.0000014,?80 ,Castellani et al. 2005 ,
176,Maxillopoda,Copepoda ,Oithonidae ,Oithona similis ,7.8,7.8,0.000007,25,0.0000014,?80 ,Castellani et al. 2005 ,
177,Maxillopoda,Copepoda ,Oithonidae ,Oithona tenuis ,5.8948,5.5,0.0000067,24,0.0000013,81,Castellani et al. 2005 ,
178,Maxillopoda,Copepoda ,Oncaeidae ,Oncaea conifera ,5.665,4.006,0.00006,20,,,Pavlova 1975 ,
179,Maxillopoda,Copepoda ,Oncaeidae ,Oncaea mediterranea ,6.655,4.706,0.000062,20,,,Pavlova 1975 ,
180,Maxillopoda,Copepoda ,Phaennidae ,Onchocalanus magnus ,1.68,0.42,0.0124,5,,,Thuesen et al. 1998 ,
181,Maxillopoda,Copepoda ,Augauptilidae ,Pachyptilus pacificus ,0.692,0.173,0.0158,5,,,Thuesen et al. 1998 ,
182,Maxillopoda,Copepoda ,Augauptilidae ,Pachyptilus pacificus ,0.795,0.156,0.0158,1.5,,,Thuesen et al. 1998 ,
183,Maxillopoda,Copepoda ,Paracalanidae ,Paracalanus parvus ,19.5556,9.06,0.000019,13.9,0.0000038,?80 ,Ikeda et al. 2001 ,
184,Maxillopoda,Copepoda ,Euchaetidae ,Paraeuchaeta antarctica ,0.7241,0.128,0.019551,0,0.004,79.3,Kawall et al. 2001 ,
186,Maxillopoda,Copepoda ,Euchaetidae ,Paraeuchaeta birostrata ,1.156,0.289,0.0126,5,,,Thuesen et al. 1998 ,
185,Maxillopoda,Copepoda ,Euchaetidae ,Paraeuchaeta birostrata ,1.021,0.361,0.0129,10,,,Thuesen et al. 1998 ,
187,Maxillopoda,Copepoda ,Euchaetidae ,Paraeuchaeta brevicauda ,0.912,0.228,0.0264,5,,,Thuesen et al. 1998 ,
188,Maxillopoda,Copepoda ,Euchaetidae ,Paraeuchaeta californica ,1.204,0.301,0.0137,5,,,Thuesen et al. 1998 ,
189,Maxillopoda,Copepoda ,Euchaetidae ,Paraeuchaeta japonica ,2.3892,0.672,0.0093,6.7,0.00201,78.4,Ikeda 1970 ,
192,Maxillopoda,Copepoda ,Euchaetidae ,Paraeuchaeta norvegica ,1.81,0.64,0.019,10,0.0038,?80 ,Conover 1960 ,
191,Maxillopoda,Copepoda ,Euchaetidae ,Paraeuchaeta norvegica ,1.58,0.56,0.0194,10,0.00388,?80 ,Conover 1960 ,
190,Maxillopoda,Copepoda ,Euchaetidae ,Paraeuchaeta norvegica ,1.39,0.49,0.0223,10,0.00459,?80 ,Conover 1960 ,
193,Maxillopoda,Copepoda ,Euchaetidae ,Paraeuchaeta rubra ,0.848,0.212,0.0127,5,,,Thuesen et al. 1998 ,
194,Maxillopoda,Copepoda ,Euchaetidae ,Paraeuchaeta rubra ,1.6251,0.33,0.0131,2,0.00383,69.1,Ikeda et al. 2004,
195,Maxillopoda,Copepoda ,Euchaetidae ,Paraeuchaeta sesquipedalis ,1.02,0.255,0.0249,5,, ,Thuesen et al. 1998 ,
196,Maxillopoda,Copepoda ,Euchaetidae ,Paraeuchaeta sp. ,6.0641,1.072,0.017,0,0.003,83,Opalinski 1991 , 
197,Maxillopoda,Copepoda ,Euchaetidae ,Paraeuchaeta tonsa ,2.164,0.541,0.0066,5,,,Thuesen et al. 1998 ,
199,Maxillopoda,Copepoda ,Metridinidae ,Pleuromamma abdominalis ,10.014,5.007,0.000415,15,0.000083,80,Nival et al. 1972 ,
200,Maxillopoda,Copepoda ,Metridinidae ,Pleuromamma abdominalis ,10.12,7.156,0.0008,20,,,Pavlova 1975 ,
198,Maxillopoda,Copepoda ,Metridinidae ,Pleuromamma abdominalis ,4.895,3.461,0.00123,20,,,Pavlova 1975 ,
202,Maxillopoda,Copepoda ,Metridinidae ,Pleuromamma gracilis ,11.258,5.629,0.0001875,15,0.0000375,80,Nival et al. 1972 ,
201,Maxillopoda,Copepoda ,Metridinidae ,Pleuromamma gracilis ,5.5,3.889,0.00027,20,,,Pavlova 1975 ,
203,Maxillopoda,Copepoda ,Metridinidae ,Pleuromamma robusta ,7.1,2.5,0.0014,8,0.000283,?80 ,Conover 1960 ,
204,Maxillopoda,Copepoda ,Metridinidae ,Pleuromamma robusta ,10.1,3.1,0.0014,8,0.000283,?80 ,Conover 1960 ,
205,Maxillopoda,Copepoda ,Pontellidae ,Pontella danae ,4.9369,5.44,0.0035,26.4,0.0007,?80 ,Ikeda et al. 2001 ,
206,Maxillopoda,Copepoda ,Pontellidae ,Pontella sp. ,11.588,5.794,0.000345,15,0.000069,80,Nival et al. 1972 ,
209,Maxillopoda,Copepoda ,Pseudocalanidae ,Pseudocalanus elongatus ,17.2086,6.589,0.00004,11.15,0.0000012,70,Ikeda 1970 ,
207,Maxillopoda,Copepoda ,Pseudocalanidae ,Pseudocalanus elongatus ,8.6,6.1,0.000059,20,, ,Pavlova 1961 ,
208,Maxillopoda,Copepoda ,Pseudocalanidae ,Pseudocalanus elongatus ,11.5316,3.7,0.00006,8.6,0.000012,?80 ,Ikeda et al. 2001 ,
210,Maxillopoda,Copepoda ,Lucicitiidae ,Pseudochirella polyspina ,0.856,0.214,0.0117,5,, ,Thuesen et al. 1998 ,
211,Maxillopoda,Copepoda ,Pseudodiaptomidae ,Pseudodiaptomus marinus ,9.2375,4.4,0.00007,14.3,0.000014,?80 ,Ikeda et al. 2001 ,
213,Maxillopoda,Copepoda ,Eucalanidae ,Rhincalanus gigas ,2.8639,0.45,0.009,-1.7,0.0018,?80 ,Ikeda et al. 2001 ,
212,Maxillopoda,Copepoda ,Eucalanidae ,Rhincalanus gigas ,0.5657,0.1,0.011692,0,0.00157,86.6,Kawall et al. 2001 ,
219,Maxillopoda,Copepoda ,Eucalanidae ,Rhincalanus nasutus ,2.63,0.73,0.00413,6.5,0.000826,?80 ,Conover 1960 ,
218,Maxillopoda,Copepoda ,Eucalanidae ,Rhincalanus nasutus ,2.46,0.68,0.0051,6.5,0.001019,?80 ,Conover 1960 ,
217,Maxillopoda,Copepoda ,Eucalanidae ,Rhincalanus nasutus ,2.38,0.66,0.0054,6.5,0.001079,?80 ,Conover 1960 ,
215,Maxillopoda,Copepoda ,Eucalanidae ,Rhincalanus nasutus ,1.4281,1.0098,0.009,20,,,Opalinski 1991 ,
216,Maxillopoda,Copepoda ,Eucalanidae ,Rhincalanus nasutus ,1.4651,1.036,0.015,20,,,Opalinski 1991 ,
214,Maxillopoda,Copepoda ,Eucalanidae ,Rhincalanus nasutus ,0.5091,0.36,0.024,20,,,Opalinski 1991 ,
220,Maxillopoda,Copepoda ,Sapphirinidae ,Sapphirina gemma ,7.5786,10,0.00071,29,0.00007,90.1,Ikeda 1970 ,
221,Maxillopoda,Copepoda ,Sapphirinidae ,Sapphirina gemma ,29.9735,42.389,0.001,30,0.00008,92,Ikeda 1970 ,
222,Maxillopoda,Copepoda ,Scolecithrichidae ,Scolecithrix danae ,3.08,2.178,0.003,20,,,Pavlova 1975 ,
223,Maxillopoda,Copepoda ,Temoridae ,Temora longicornis ,36.6506,48.36,0.000061,29,0.000012,80.4,Rajagopal 1962 ,
225,Maxillopoda,Copepoda ,Tortanidae ,Tortanus discaudatus ,16.5565,6.3393,0.0002,11.15,0.00005,75,Ikeda 1970 ,
224,Maxillopoda,Copepoda ,Tortanidae ,Tortanus discaudatus ,8.1484,2.34,0.000285,7,0.000057,?80 ,Ikeda et al. 2001 ,
226,Maxillopoda,Copepoda ,Tortanidae ,Tortanus gracilis ,6.1767,6.62,0.00012,26,0.000024,?80 ,Ikeda et al. 2001 ,
228,Maxillopoda,Copepoda ,Calanidae ,Undinula vulgaris ,7.7663,9.3,0.000838,27.6,0.000167,?80 ,Ikeda et al. 2001 ,
227,Maxillopoda,Copepoda ,Calanidae ,Undinula vulgaris ,6.4355,5.8,0.000925,23.5,0.000185,?80 ,Ikeda et al. 2001 ,
229,Maxillopoda,Calanoida ,Euchaetidae ,Valdiviella oligartha ,0.752,0.188,0.0194,5,,,Thuesen et al. 1998 ,
