Species,Family,Order,Class,temp,mass,replicate,ref,,,
Acanthocyclops vernalis ,Cyclopidae,Cyclopoida,Maxillopoda,5,0.030566,AP85A,Abdullahi & Parry (1985) ,,,
Acanthocyclops vernalis ,Cyclopidae,Cyclopoida,Maxillopoda,8,0.028755,AP85A,Abdullahi & Parry (1985) ,,,
Acanthocyclops vernalis ,Cyclopidae,Cyclopoida,Maxillopoda,10,0.025811,AP85A,Abdullahi & Parry (1985) ,,,
Acanthocyclops vernalis ,Cyclopidae,Cyclopoida,Maxillopoda,12,0.024453,AP85A,Abdullahi & Parry (1985) ,,,
Acanthocyclops vernalis ,Cyclopidae,Cyclopoida,Maxillopoda,15,0.023547,AP85A,Abdullahi & Parry (1985) ,,,
Acanthocyclops vernalis ,Cyclopidae,Cyclopoida,Maxillopoda,20,0.022642,AP85A,Abdullahi & Parry (1985) ,,,
Acanthocyclops viridus ,Cyclopidae,Cyclopoida,Maxillopoda,5,0.05366,AP85B,Abdullahi & Parry (1985) ,,,
Acanthocyclops viridus ,Cyclopidae,Cyclopoida,Maxillopoda,8,0.049811,AP85B,Abdullahi & Parry (1985) ,,,
Acanthocyclops viridus ,Cyclopidae,Cyclopoida,Maxillopoda,10,0.045962,AP85B,Abdullahi & Parry (1985) ,,,
Acanthocyclops viridus ,Cyclopidae,Cyclopoida,Maxillopoda,12,0.04234,AP85B,Abdullahi & Parry (1985) ,,,
Acanthocyclops viridus ,Cyclopidae,Cyclopoida,Maxillopoda,15,0.041434,AP85B,Abdullahi & Parry (1985) ,,,
Acanthocyclops viridus ,Cyclopidae,Cyclopoida,Maxillopoda,20,0.040755,AP85B,Abdullahi & Parry (1985) ,,,
Acartia tonsa ,Acartiidae,Calanoida,Maxillopoda,6,0.004498,H09A,Hansen et al.(2009) ,,,
Acartia tonsa ,Acartiidae,Calanoida,Maxillopoda,9,0.004592,H09A,Hansen et al.(2009) ,,,
Acartia tonsa ,Acartiidae,Calanoida,Maxillopoda,17,0.003647,H09A,Hansen et al.(2009) ,,,
Acartia tonsa ,Acartiidae,Calanoida,Maxillopoda,24,0.002749,H09A,Hansen et al.(2009) ,,,
Acartia tonsa ,Acartiidae,Calanoida,Maxillopoda,10,0.00485,LTQ06A,Leandro Tiselius P & Queiroga H(2006) ,,,
Acartia tonsa ,Acartiidae,Calanoida,Maxillopoda,15,0.004608,LTQ06A,Leandro Tiselius P & Queiroga H(2006) ,,,
Acartia tonsa ,Acartiidae,Calanoida,Maxillopoda,18,0.003926,LTQ06A,Leandro Tiselius P & Queiroga H(2006) ,,,
Acartia tonsa ,Acartiidae,Calanoida,Maxillopoda,22,0.003314,LTQ06A,Leandro Tiselius P & Queiroga H(2006) ,,,
Acheta domesticus ,Gryllidae,Orthoptera,Insecta,25,61,BK86A,Booth & Kiddell(2007) ,,,
Acheta domesticus ,Gryllidae,Orthoptera,Insecta,28,48,BK86A,Booth & Kiddell(2007) ,,,
Acyrthosiphon pisum ,Aphididae,Hemiptera,Insecta,11.5,0.622,LM87A,Lamb & MacKay(1987),,,
Acyrthosiphon pisum ,Aphididae,Hemiptera,Insecta,14.9,0.565,LM87A,Lamb & MacKay(1987),,,
Acyrthosiphon pisum ,Aphididae,Hemiptera,Insecta,20.6,0.559,LM87A,Lamb & MacKay(1987),,,
Acyrthosiphon pisum ,Aphididae,Hemiptera,Insecta,24.5,0.486,LM87A,Lamb & MacKay(1987),,,
Acyrthosiphon pisum ,Aphididae,Hemiptera,Insecta,27.5,0.451,LM87A,Lamb & MacKay(1987),,,
Acyrthosiphon pisum ,Aphididae,Hemiptera,Insecta,11.5,0.559,LM87B,Lamb & MacKay(1987),,,
Acyrthosiphon pisum ,Aphididae,Hemiptera,Insecta,14.9,0.497,LM87B,Lamb & MacKay(1987),,,
Acyrthosiphon pisum ,Aphididae,Hemiptera,Insecta,20.6,0.5,LM87B,Lamb & MacKay(1987),,,
Acyrthosiphon pisum ,Aphididae,Hemiptera,Insecta,24.5,0.375,LM87B,Lamb & MacKay(1987),,,
Acyrthosiphon pisum ,Aphididae,Hemiptera,Insecta,27.5,0.246,LM87B,Lamb & MacKay(1987),,,
Acyrthosiphon pisum ,Aphididae,Hemiptera,Insecta,11.5,0.615,LM87C,Lamb & MacKay(1987),,,
Acyrthosiphon pisum ,Aphididae,Hemiptera,Insecta,14.9,0.565,LM87C,Lamb & MacKay(1987),,,
Acyrthosiphon pisum ,Aphididae,Hemiptera,Insecta,20.6,0.526,LM87C,Lamb & MacKay(1987),,,
Acyrthosiphon pisum ,Aphididae,Hemiptera,Insecta,24.5,0.491,LM87C,Lamb & MacKay(1987),,,
Acyrthosiphon pisum ,Aphididae,Hemiptera,Insecta,27.5,0.316,LM87C,Lamb & MacKay(1987),,,
Acyrthosiphon pisum ,Aphididae,Hemiptera,Insecta,11.5,0.598,LM87D,Lamb & MacKay(1987),,,
Acyrthosiphon pisum ,Aphididae,Hemiptera,Insecta,14.9,0.589,LM87D,Lamb & MacKay(1987),,,
Acyrthosiphon pisum ,Aphididae,Hemiptera,Insecta,20.6,0.516,LM87D,Lamb & MacKay(1987),,,
Acyrthosiphon pisum ,Aphididae,Hemiptera,Insecta,24.5,0.481,LM87D,Lamb & MacKay(1987),,,
Acyrthosiphon pisum ,Aphididae,Hemiptera,Insecta,27.5,0.317,LM87D,Lamb & MacKay(1987),,,
Acyrthosiphon pisum ,Aphididae,Hemiptera,Insecta,11.5,0.645,LM87E,Lamb & MacKay(1987),,,
Acyrthosiphon pisum ,Aphididae,Hemiptera,Insecta,14.9,0.577,LM87E,Lamb & MacKay(1987),,,
Acyrthosiphon pisum ,Aphididae,Hemiptera,Insecta,20.6,0.514,LM87E,Lamb & MacKay(1987),,,
Acyrthosiphon pisum ,Aphididae,Hemiptera,Insecta,24.5,0.492,LM87E,Lamb & MacKay(1987),,,
Acyrthosiphon pisum ,Aphididae,Hemiptera,Insecta,27.5,0.329,LM87E,Lamb & MacKay(1987),,,
Acyrthosiphon pisum ,Aphididae,Hemiptera,Insecta,10,1.98,ML88A, MacKay & Lamb(1988)  ,,,
Acyrthosiphon pisum ,Aphididae,Hemiptera,Insecta,15,2.71,ML88A, MacKay & Lamb(1988)  ,,,
Acyrthosiphon pisum ,Aphididae,Hemiptera,Insecta,20,3.07,ML88A, MacKay & Lamb(1988)  ,,,
Acyrthosiphon pisum ,Aphididae,Hemiptera,Insecta,25,1.78,ML88A, MacKay & Lamb(1988)  ,,,
Acyrthosiphon pisum ,Aphididae,Hemiptera,Insecta,28,1.68,ML88A, MacKay & Lamb(1988)  ,,,
Acyrthosiphon pisum ,Aphididae,Hemiptera,Insecta,10,2.1,ML88B, MacKay & Lamb(1988)  ,,,
Acyrthosiphon pisum ,Aphididae,Hemiptera,Insecta,15,2.7,ML88B, MacKay & Lamb(1988)  ,,,
Acyrthosiphon pisum ,Aphididae,Hemiptera,Insecta,20,3.06,ML88B, MacKay & Lamb(1988)  ,,,
Acyrthosiphon pisum ,Aphididae,Hemiptera,Insecta,25,2.31,ML88B, MacKay & Lamb(1988)  ,,,
Acyrthosiphon pisum ,Aphididae,Hemiptera,Insecta,28,1.61,ML88B, MacKay & Lamb(1988)  ,,,
Acyrthosiphon pisum ,Aphididae,Hemiptera,Insecta,10,2.09,ML88C, MacKay & Lamb(1988)  ,,,
Acyrthosiphon pisum ,Aphididae,Hemiptera,Insecta,15,2.5,ML88C, MacKay & Lamb(1988)  ,,,
Acyrthosiphon pisum ,Aphididae,Hemiptera,Insecta,20,3.06,ML88C, MacKay & Lamb(1988)  ,,,
Acyrthosiphon pisum ,Aphididae,Hemiptera,Insecta,25,1.99,ML88C, MacKay & Lamb(1988)  ,,,
Acyrthosiphon pisum ,Aphididae,Hemiptera,Insecta,28,1.65,ML88C, MacKay & Lamb(1988)  ,,,
Adalia bipunctata  ,Coccinellidae,Coleoptera,Insecta,19,13.16,JTD09A, Jalali Tirry & De Clercq(2009_  ,,,
Adalia bipunctata  ,Coccinellidae,Coleoptera,Insecta,23,13.35,JTD09A, Jalali Tirry & De Clercq(2009_  ,,,
Adalia bipunctata  ,Coccinellidae,Coleoptera,Insecta,27,11.76,JTD09A, Jalali Tirry & De Clercq(2009_  ,,,
Aedes aegypti  ,Culicidae,Diptera,Insecta,17,1.198,VDH63A, Van Den Heuvel(1963) ,,,
Aedes aegypti  ,Culicidae,Diptera,Insecta,18,1.157,VDH63A, Van Den Heuvel(1963) ,,,
Aedes aegypti  ,Culicidae,Diptera,Insecta,20,1.128,VDH63A, Van Den Heuvel(1963) ,,,
Aedes aegypti  ,Culicidae,Diptera,Insecta,22,1.011,VDH63A, Van Den Heuvel(1963) ,,,
Aedes aegypti  ,Culicidae,Diptera,Insecta,25,0.862,VDH63A, Van Den Heuvel(1963) ,,,
Aedes aegypti  ,Culicidae,Diptera,Insecta,26,0.794,VDH63A, Van Den Heuvel(1963) ,,,
Aedes aegypti  ,Culicidae,Diptera,Insecta,28,0.7,VDH63A, Van Den Heuvel(1963) ,,,
Aedes aegypti  ,Culicidae,Diptera,Insecta,30,0.655,VDH63A, Van Den Heuvel(1963) ,,,
Aedes aegypti  ,Culicidae,Diptera,Insecta,32,0.551,VDH63A, Van Den Heuvel(1963) ,,,
Aedes aegypti  ,Culicidae,Diptera,Insecta,34,0.34,VDH63A, Van Den Heuvel(1963) ,,,
Aedes dorsalis  ,Culicidae,Diptera,Insecta,21,6.5233,P82A, Parker(1982)  ,,,
Aedes dorsalis  ,Culicidae,Diptera,Insecta,25,6.0569,P82A, Parker(1982)  ,,,
Aedes dorsalis  ,Culicidae,Diptera,Insecta,30,3.5819,P82A, Parker(1982)  ,,,
Aedes nigromaculis,Culicidae,Diptera,Insecta,21,15.98068182,B67Z,Brust(1967),,,
Aedes nigromaculis,Culicidae,Diptera,Insecta,26.5,14.12727273,B67Z,Brust(1967),,,
Aedes nigromaculis,Culicidae,Diptera,Insecta,32,10.76136364,B67Z,Brust(1967),,,
Aedes vexans,Culicidae,Diptera,Insecta,21,12.51931818,B67Y,Brust(1967),,,
Aedes vexans,Culicidae,Diptera,Insecta,26.5,11.07840909,B67Y,Brust(1967),,,
Aedes vexans,Culicidae,Diptera,Insecta,32,10.25909091,B67Y,Brust(1967),,,
Aglais urticae,Nymphalidae,Lepidoptera,Insecta,30,134.992,B69C,Baker (1969),,,
Aglais urticae,Nymphalidae,Lepidoptera,Insecta,25,125.424,B69C,Baker (1969),,,
Aglais urticae,Nymphalidae,Lepidoptera,Insecta,18,150.28,B69C,Baker (1969),,,
Aglais urticae,Nymphalidae,Lepidoptera,Insecta,12,293.84,BTB97A, Bryant Thomas & Bale(1997)  ,,,
Aglais urticae,Nymphalidae,Lepidoptera,Insecta,15,344.871,BTB97A, Bryant Thomas & Bale(1997)  ,,,
Aglais urticae,Nymphalidae,Lepidoptera,Insecta,20,314.076,BTB97A, Bryant Thomas & Bale(1997)  ,,,
Aglais urticae,Nymphalidae,Lepidoptera,Insecta,25,290.389,BTB97A, Bryant Thomas & Bale(1997)  ,,,
Aglais urticae,Nymphalidae,Lepidoptera,Insecta,30,289.405,BTB97A, Bryant Thomas & Bale(1997)  ,,,
Aglais urticae,Nymphalidae,Lepidoptera,Insecta,34,290.65,BTB97A, Bryant Thomas & Bale(1997)  ,,,
Aphis fabae,Aphididae,Hemiptera,Insecta,15,0.948,D82A,Dixon et al (1982),,,
Aphis fabae,Aphididae,Hemiptera,Insecta,25,0.642,D82A,Dixon et al (1982),,,
Aphis pomi  ,Aphididae,Hemiptera,Insecta,10,0.651,CH86A, Carroll & Hoyt(1986)  ,,,
Aphis pomi  ,Aphididae,Hemiptera,Insecta,16,0.865,CH86A, Carroll & Hoyt(1986)  ,,,
Aphis pomi  ,Aphididae,Hemiptera,Insecta,28,0.57,CH86A, Carroll & Hoyt(1986)  ,,,
Artemia salina  ,Artemiidae,Anostraca,Branchiopoda,20,40.06,F11A, Forster et al (2011),,,
Artemia salina  ,Artemiidae,Anostraca,Branchiopoda,23,65.25,F11A, Forster et al (2011),,,
Artemia salina  ,Artemiidae,Anostraca,Branchiopoda,25,52.29,F11A, Forster et al (2011),,,
Artemia salina  ,Artemiidae,Anostraca,Branchiopoda,28,54.08,F11A, Forster et al (2011),,,
Artemia salina  ,Artemiidae,Anostraca,Branchiopoda,30,39.94,F11A, Forster et al (2011),,,
Artemia salina  ,Artemiidae,Anostraca,Branchiopoda,33,43.81,F11A, Forster et al (2011),,,
Australopelopia prionoptera,Chironomidae,Diptera,Insecta,12,5.2927015,MC05C,McKie & Cranston (2005),,,
Australopelopia prionoptera,Chironomidae,Diptera,Insecta,18,4.330612,MC05C,McKie & Cranston (2005),,,
Australopelopia prionoptera,Chironomidae,Diptera,Insecta,26,3.8028555,MC05C,McKie & Cranston (2005),,,
Australopelopia prionoptera,Chironomidae,Diptera,Insecta,12,6.859702,MC05D,McKie & Cranston (2005),,,
Australopelopia prionoptera,Chironomidae,Diptera,Insecta,18,6.240494,MC05D,McKie & Cranston (2005),,,
Australopelopia prionoptera,Chironomidae,Diptera,Insecta,26,5.510361,MC05D,McKie & Cranston (2005),,,
Bicyclus anynana  ,Nymphalidae,Lepidoptera,Insecta,20,175.7,F03A, Fischer et al. (2003)  ,,,
Bicyclus anynana  ,Nymphalidae,Lepidoptera,Insecta,27,170.2,F03A, Fischer et al. (2003)  ,,,
Bicyclus anynana  ,Nymphalidae,Lepidoptera,Insecta,20,189.9,F03B, Fischer et al. 2004  ,,,
Bicyclus anynana  ,Nymphalidae,Lepidoptera,Insecta,27,198.2,F03B, Fischer et al. 2004  ,,,
Bicyclus anynana  ,Nymphalidae,Lepidoptera,Insecta,20,15.4,FBZ03A, Fischer Brakefield & Zwaan( 2003)  ,,,
Bicyclus anynana  ,Nymphalidae,Lepidoptera,Insecta,27,25.1,FBZ03A, Fischer Brakefield & Zwaan( 2003)  ,,,
Cactoblastis cactorum,Pyralidae,Lepidoptera,Insecta,22,44.824,MC08A,Marti & Carpenter (2008),,,
Cactoblastis cactorum,Pyralidae,Lepidoptera,Insecta,26,48.1,MC08A,Marti & Carpenter (2008),,,
Cactoblastis cactorum,Pyralidae,Lepidoptera,Insecta,29,47.216,MC08A,Marti & Carpenter (2008),,,
Calanus finmarchicus  ,calanidae,Calanoida,Maxillopoda,4,0.23696,C01A, Campbell et al. 2001  ,,,
Calanus finmarchicus  ,calanidae,Calanoida,Maxillopoda,8,0.21192,C01A, Campbell et al. 2001  ,,,
Calanus finmarchicus  ,calanidae,Calanoida,Maxillopoda,12,0.18688,C01A, Campbell et al. 2001  ,,,
Calanus sinicus  ,calanidae,Calanoida,Maxillopoda,10,0.08708,U88A, Uye (1988  ),,,
Calanus sinicus  ,calanidae,Calanoida,Maxillopoda,13,0.068255,U88A, Uye (1988  ),,,
Calanus sinicus  ,calanidae,Calanoida,Maxillopoda,15,0.070434,U88A, Uye (1988  ),,,
Calanus sinicus  ,calanidae,Calanoida,Maxillopoda,18,0.069339,U88A, Uye (1988  ),,,
Calanus sinicus  ,calanidae,Calanoida,Maxillopoda,20,0.064041,U88A, Uye (1988  ),,,
Callosobruchus maculatus  ,Chyrsomelidae,Coleoptera,Insecta,20,6.968,S07A, Stillwell et al. (2007  ),,,
Callosobruchus maculatus  ,Chyrsomelidae,Coleoptera,Insecta,25,5.87,S07A, Stillwell et al. (2007  ),,,
Callosobruchus maculatus  ,Chyrsomelidae,Coleoptera,Insecta,30,5.116,S07A, Stillwell et al. (2007  ),,,
Callosobruchus maculatus  ,Chyrsomelidae,Coleoptera,Insecta,35,4.984,S07A, Stillwell et al. (2007  ),,,
Callosobruchus maculatus  ,Chyrsomelidae,Coleoptera,Insecta,20,8.114,S07B, Stillwell et al. (2007  ),,,
Callosobruchus maculatus  ,Chyrsomelidae,Coleoptera,Insecta,25,6.362,S07B, Stillwell et al. (2007  ),,,
Callosobruchus maculatus  ,Chyrsomelidae,Coleoptera,Insecta,30,5.412,S07B, Stillwell et al. (2007  ),,,
Callosobruchus maculatus  ,Chyrsomelidae,Coleoptera,Insecta,35,5.132,S07B, Stillwell et al. (2007  ),,,
Cancer gracilis  ,Cancridae,Decapoda,Malacostraca,10,0.26,SM94A, Sulkin & McKeen (1994) ,,,
Cancer gracilis  ,Cancridae,Decapoda,Malacostraca,15,0.24,SM94A, Sulkin & McKeen (1994) ,,,
Cancer gracilis  ,Cancridae,Decapoda,Malacostraca,20,0.14,SM94A, Sulkin & McKeen (1994) ,,,
Cancer magister  ,Cancridae,Decapoda,Malacostraca,10,1.3,SM94B, Sulkin & McKeen (1994) ,,,
Cancer magister  ,Cancridae,Decapoda,Malacostraca,15,1.2,SM94B, Sulkin & McKeen (1994) ,,,
Cancer oregonensis  ,Cancridae,Decapoda,Malacostraca,10,0.46,SM94C, Sulkin & McKeen (1994) ,,,
Cancer oregonensis  ,Cancridae,Decapoda,Malacostraca,15,0.48,SM94C, Sulkin & McKeen (1994) ,,,
Cancer productus  ,Cancridae,Decapoda,Malacostraca,10,0.65,SM94D, Sulkin & McKeen (1994) ,,,
Cancer productus  ,Cancridae,Decapoda,Malacostraca,15,0.56,SM94D, Sulkin & McKeen (1994) ,,,
Cancer productus  ,Cancridae,Decapoda,Malacostraca,20,0.39,SM94D, Sulkin & McKeen (1994) ,,,
Chironomus crassicaudatus  ,Chironomidae,Diptera,Insecta,15,4.275,FAL02A, Frouz Ali &  Lobinske (2002  ),,,
Chironomus crassicaudatus  ,Chironomidae,Diptera,Insecta,18,3.25,FAL02A, Frouz Ali &  Lobinske (2002  ),,,
Chironomus crassicaudatus  ,Chironomidae,Diptera,Insecta,20,3.134,FAL02A, Frouz Ali &  Lobinske (2002  ),,,
Chironomus crassicaudatus  ,Chironomidae,Diptera,Insecta,23,2.979,FAL02A, Frouz Ali &  Lobinske (2002  ),,,
Chironomus crassicaudatus  ,Chironomidae,Diptera,Insecta,25,2.585,FAL02A, Frouz Ali &  Lobinske (2002  ),,,
Chironomus crassicaudatus  ,Chironomidae,Diptera,Insecta,28,2.254,FAL02A, Frouz Ali &  Lobinske (2002  ),,,
Chironomus crassicaudatus  ,Chironomidae,Diptera,Insecta,30,2.113,FAL02A, Frouz Ali &  Lobinske (2002  ),,,
Chironomus crassicaudatus  ,Chironomidae,Diptera,Insecta,33,1.946,FAL02A, Frouz Ali &  Lobinske (2002  ),,,
Chironomus dorsalis  ,Chironomidae,Diptera,Insecta,15,11.1,K58A, Konstantinov (1958  ),,,
Chironomus dorsalis  ,Chironomidae,Diptera,Insecta,20,9.4,K58A, Konstantinov (1958  ),,,
Chironomus dorsalis  ,Chironomidae,Diptera,Insecta,25,7.4,K58A, Konstantinov (1958  ),,,
Chironomus dorsalis  ,Chironomidae,Diptera,Insecta,30,5.6,K58A, Konstantinov (1958  ),,,
Chironomus riparius,Chironomidae,Diptera,Insecta,17,0.377,O09A,Oetken et al (2009),,,
Chironomus riparius,Chironomidae,Diptera,Insecta,20,0.355,O09A,Oetken et al (2009),,,
Chironomus riparius,Chironomidae,Diptera,Insecta,23,0.317,O09A,Oetken et al (2009),,,
Chironomus sancticaroli  ,Chironomidae,Diptera,Insecta,15,5.0986,SS85A, Strixino & Strixino (1985  ),,,
Chironomus sancticaroli  ,Chironomidae,Diptera,Insecta,20,4.2958,SS85A, Strixino & Strixino (1985  ),,,
Chironomus sancticaroli  ,Chironomidae,Diptera,Insecta,25,2.8028,SS85A, Strixino & Strixino (1985  ),,,
Chironomus sancticaroli  ,Chironomidae,Diptera,Insecta,30,1.9014,SS85A, Strixino & Strixino (1985  ),,,
Chironomus sancticaroli  ,Chironomidae,Diptera,Insecta,35,1.0141,SS85A, Strixino & Strixino (1985  ),,,
Chrysomya megacephala  ,Calliphoridae,Diptera,Insecta,20,133.08,RG06A, Reigada & Godoy 2006  ,,,
Chrysomya megacephala  ,Calliphoridae,Diptera,Insecta,30,122.69,RG06A, Reigada & Godoy 2006  ,,,
Cloeon triangulifer  ,Baetidae,Ephemeroptera,Insecta,10,1.8,SV84A, Sweeney & Vannote 1984 ,,,
Cloeon triangulifer  ,Baetidae,Ephemeroptera,Insecta,20,1,SV84A, Sweeney & Vannote 1984 ,,,
Cloeon triangulifer  ,Baetidae,Ephemeroptera,Insecta,25,0.6,SV84A, Sweeney & Vannote 1984 ,,,
Crepidula fornicata  ,Calyptraeidae,Neotaenioglossa,Gastropoda,18,0.06057,P84A, Pechenik 1984  ,,,
Crepidula fornicata  ,Calyptraeidae,Neotaenioglossa,Gastropoda,24,0.05662,P84A, Pechenik 1984  ,,,
Crepidula fornicata  ,Calyptraeidae,Neotaenioglossa,Gastropoda,15,0.047188,PL84A, Pechenik & Lima (1984  ),,,
Crepidula fornicata  ,Calyptraeidae,Neotaenioglossa,Gastropoda,20,0.049323,PL84A, Pechenik & Lima (1984  ),,,
Crepidula fornicata  ,Calyptraeidae,Neotaenioglossa,Gastropoda,25,0.044942,PL84A, Pechenik & Lima (1984  ),,,
Crepidula fornicata  ,Calyptraeidae,Neotaenioglossa,Gastropoda,29,0.045436,PL84A, Pechenik & Lima (1984  ),,,
Culicoides variipennis  ,Culicidae,Diptera,Insecta,20,0.1026,APJ78A, Akey Potter &Jones (1978  ),,,
Culicoides variipennis  ,Culicidae,Diptera,Insecta,25,0.0734,APJ78A, Akey Potter &Jones (1978  ),,,
Culicoides variipennis  ,Culicidae,Diptera,Insecta,35,0.06,APJ78A, Akey Potter &Jones (1978  ),,,
Culicoides variipennis  ,Culicidae,Diptera,Insecta,17,0.129375,MR83A, Mullens & Rutz (1983  ),,,
Culicoides variipennis  ,Culicidae,Diptera,Insecta,20,0.116902,MR83A, Mullens & Rutz (1983  ),,,
Culicoides variipennis  ,Culicidae,Diptera,Insecta,23,0.118149,MR83A, Mullens & Rutz (1983  ),,,
Culicoides variipennis  ,Culicidae,Diptera,Insecta,27,0.101933,MR83A, Mullens & Rutz (1983  ),,,
Culicoides variipennis  ,Culicidae,Diptera,Insecta,30,0.096944,MR83A, Mullens & Rutz (1983  ),,,
Culiseta inornata,Culicidae,Diptera,Insecta,21,19.67159091,B67X,Brust(1967),,,
Culiseta inornata,Culicidae,Diptera,Insecta,26.5,18.62159091,B67X,Brust(1967),,,
Cyclops serrulatus,Cyclopidae,Cyclopoida,Maxillopoda,11.5,0.724982118,C33A,Coker (1933),,,
Cyclops serrulatus,Cyclopidae,Cyclopoida,Maxillopoda,17,0.569221637,C33A,Coker (1933),,,
Cyclops serrulatus,Cyclopidae,Cyclopoida,Maxillopoda,22,0.606164708,C33A,Coker (1933),,,
Cyclops serrulatus,Cyclopidae,Cyclopoida,Maxillopoda,29,0.386304252,C33A,Coker (1933),,,
Cyclops vernalis,Cyclopidae,Cyclopoida,Maxillopoda,8.5,1.337847982,C33B,Coker (1933),,,
Cyclops vernalis,Cyclopidae,Cyclopoida,Maxillopoda,11.5,1.243117148,C33B,Coker (1933),,,
Cyclops vernalis,Cyclopidae,Cyclopoida,Maxillopoda,14.5,1.017867687,C33B,Coker (1933),,,
Cyclops vernalis,Cyclopidae,Cyclopoida,Maxillopoda,17,0.835779173,C33B,Coker (1933),,,
Cyclops vernalis,Cyclopidae,Cyclopoida,Maxillopoda,21.5,0.885585257,C33B,Coker (1933),,,
Cyclops vernalis,Cyclopidae,Cyclopoida,Maxillopoda,29,0.533761354,C33B,Coker (1933),,,
Cyclops viridis,Cyclopidae,Cyclopoida,Maxillopoda,10,3.05219204,C33C,Coker (1933),,,
Cyclops viridis,Cyclopidae,Cyclopoida,Maxillopoda,14.5,2.961473375,C33C,Coker (1933),,,
Cyclops viridis,Cyclopidae,Cyclopoida,Maxillopoda,17,1.80085645,C33C,Coker (1933),,,
Cyclops viridis,Cyclopidae,Cyclopoida,Maxillopoda,29,1.587821217,C33C,Coker (1933),,,
Dacus oleae  ,Tephritidae,Diptera,Insecta,12.5,4.43,T80A, Tsitsipis (1980)  ,,,
Dacus oleae  ,Tephritidae,Diptera,Insecta,15,4.27,T80A, Tsitsipis (1980)  ,,,
Dacus oleae  ,Tephritidae,Diptera,Insecta,17.5,4.15,T80A, Tsitsipis (1980)  ,,,
Dacus oleae  ,Tephritidae,Diptera,Insecta,20,4.26,T80A, Tsitsipis (1980)  ,,,
Dacus oleae  ,Tephritidae,Diptera,Insecta,22.5,4.86,T80A, Tsitsipis (1980)  ,,,
Dacus oleae  ,Tephritidae,Diptera,Insecta,25,5.42,T80A, Tsitsipis (1980)  ,,,
Dacus oleae  ,Tephritidae,Diptera,Insecta,27.5,5.13,T80A, Tsitsipis (1980)  ,,,
Dacus oleae  ,Tephritidae,Diptera,Insecta,30,4.84,T80A, Tsitsipis (1980)  ,,,
Daphnia middendorffiana  ,Daphniidae,Diplostraca,Branchiopoda,17,0.036356,DH98A, Dufresne & Hebert 1998  ,,,
Daphnia middendorffiana  ,Daphniidae,Diplostraca,Branchiopoda,24,0.033899,DH98A, Dufresne & Hebert 1998  ,,,
Daphnia pulex  ,Daphniidae,Diplostraca,Branchiopoda,10,0.02973,Br82A, Brambilla 1982  ,,,
Daphnia pulex  ,Daphniidae,Diplostraca,Branchiopoda,18,0.02808,Br82A, Brambilla 1982  ,,,
Daphnia pulex  ,Daphniidae,Diplostraca,Branchiopoda,17,0.036823,DH98B, Dufresne & Hebert 1998  ,,,
Daphnia pulex  ,Daphniidae,Diplostraca,Branchiopoda,24,0.03491,DH98B, Dufresne & Hebert 1998  ,,,
Daphnia pulex  ,Daphniidae,Diplostraca,Branchiopoda,16,0.016021,WV98A, Walls & Ventelä (1998) ,,,"60°05¢N, 19°55¢E"
Daphnia pulex  ,Daphniidae,Diplostraca,Branchiopoda,20,0.014737,WV98A, Walls & Ventelä (1998) ,,,"59°53¢N, 23°15¢E"
Daphnia pulex  ,Daphniidae,Diplostraca,Branchiopoda,16,0.018761,WV98B, Walls & Ventelä (1998) ,,,"60°23¢N, 22°11¢E"
Daphnia pulex  ,Daphniidae,Diplostraca,Branchiopoda,20,0.025693,WV98B, Walls & Ventelä (1998) ,,,
Daphnia pulex  ,Daphniidae,Diplostraca,Branchiopoda,16,0.013935,WV98C, Walls & Ventelä (1998) ,,,
Daphnia pulex  ,Daphniidae,Diplostraca,Branchiopoda,20,0.020361,WV98C, Walls & Ventelä (1998) ,,,
Discoglossus galganoi  ,Alytidae,Anura,Amphibia,12,351.18,AN02A, Alvarez & Nicieza(2002)  ,,,
Discoglossus galganoi  ,Alytidae,Anura,Amphibia,17,338.14,AN02A, Alvarez & Nicieza(2002)  ,,,
Discoglossus galganoi  ,Alytidae,Anura,Amphibia,22,213.76,AN02A, Alvarez & Nicieza(2002)  ,,,
Drosophila aldrichi  ,Drosophilidae,Diptera,Insecta,15,0.42,dJ10A, de Jong(2010) ,,,
Drosophila aldrichi  ,Drosophilidae,Diptera,Insecta,16,0.388,dJ10A, de Jong(2010) ,,,
Drosophila aldrichi  ,Drosophilidae,Diptera,Insecta,17,0.413,dJ10A, de Jong(2010) ,,,
Drosophila aldrichi  ,Drosophilidae,Diptera,Insecta,18,0.432,dJ10A, de Jong(2010) ,,,
Drosophila aldrichi  ,Drosophilidae,Diptera,Insecta,22,0.4,dJ10A, de Jong(2010) ,,,
Drosophila aldrichi  ,Drosophilidae,Diptera,Insecta,25,0.337,dJ10A, de Jong(2010) ,,,
Drosophila aldrichi  ,Drosophilidae,Diptera,Insecta,28,0.323,dJ10A, de Jong(2010) ,,,
Drosophila aldrichi  ,Drosophilidae,Diptera,Insecta,30,0.298,dJ10A, de Jong(2010) ,,,
Drosophila aldrichi  ,Drosophilidae,Diptera,Insecta,32,0.33,dJ10A, de Jong(2010) ,,,
Drosophila ananassae  ,Drosophilidae,Diptera,Insecta,16,1.511,D97A, David et al.( 1997)  ,,,
Drosophila ananassae  ,Drosophilidae,Diptera,Insecta,17,1.621,D97A, David et al.( 1997)  ,,,
Drosophila ananassae  ,Drosophilidae,Diptera,Insecta,21,1.56,D97A, David et al.( 1997)  ,,,
Drosophila ananassae  ,Drosophilidae,Diptera,Insecta,25,1.487,D97A, David et al.( 1997)  ,,,
Drosophila ananassae  ,Drosophilidae,Diptera,Insecta,28,1.438,D97A, David et al.( 1997)  ,,,
Drosophila ananassae  ,Drosophilidae,Diptera,Insecta,31,1.3,D97A, David et al.( 1997)  ,,,
Drosophila buzzatii  ,Drosophilidae,Diptera,Insecta,15,0.446,dJ10B, de Jong(2010) ,,,
Drosophila buzzatii  ,Drosophilidae,Diptera,Insecta,16,0.398,dJ10B, de Jong(2010) ,,,
Drosophila buzzatii  ,Drosophilidae,Diptera,Insecta,17,0.408,dJ10B, de Jong(2010) ,,,
Drosophila buzzatii  ,Drosophilidae,Diptera,Insecta,18,0.418,dJ10B, de Jong(2010) ,,,
Drosophila buzzatii  ,Drosophilidae,Diptera,Insecta,22,0.379,dJ10B, de Jong(2010) ,,,
Drosophila buzzatii  ,Drosophilidae,Diptera,Insecta,25,0.353,dJ10B, de Jong(2010) ,,,
Drosophila buzzatii  ,Drosophilidae,Diptera,Insecta,28,0.351,dJ10B, de Jong(2010) ,,,
Drosophila buzzatii  ,Drosophilidae,Diptera,Insecta,30,0.323,dJ10B, de Jong(2010) ,,,
Drosophila buzzatii  ,Drosophilidae,Diptera,Insecta,32,0.301,dJ10B, de Jong(2010) ,,,
Drosophila equinoxialis  ,Drosophilidae,Diptera,Insecta,16,0.57,R60B, Ray(1960)  ,,,
Drosophila equinoxialis  ,Drosophilidae,Diptera,Insecta,19,0.58,R60B, Ray(1960)  ,,,
Drosophila equinoxialis  ,Drosophilidae,Diptera,Insecta,25,0.53,R60B, Ray(1960)  ,,,
Drosophila equinoxialis  ,Drosophilidae,Diptera,Insecta,29,0.46,R60B, Ray(1960)  ,,,
Drosophila kikkawai  ,Drosophilidae,Diptera,Insecta,12,1.759,D97D, David et al(1997)  ,,,
Drosophila kikkawai  ,Drosophilidae,Diptera,Insecta,15,1.869,D97D, David et al(1997)  ,,,
Drosophila kikkawai  ,Drosophilidae,Diptera,Insecta,17,1.835,D97D, David et al(1997)  ,,,
Drosophila kikkawai  ,Drosophilidae,Diptera,Insecta,21,1.695,D97D, David et al(1997)  ,,,
Drosophila kikkawai  ,Drosophilidae,Diptera,Insecta,25,1.545,D97D, David et al(1997)  ,,,
Drosophila kikkawai  ,Drosophilidae,Diptera,Insecta,28,1.371,D97D, David et al(1997)  ,,,
Drosophila kikkawai  ,Drosophilidae,Diptera,Insecta,30,1.267,D97D, David et al(1997)  ,,,
Drosophila kikkawai  ,Drosophilidae,Diptera,Insecta,31,1.264,D97D, David et al(1997)  ,,,
Drosophila melanogaster  ,Drosophilidae,Diptera,Insecta,18,0.4448,CHG96A, Crill Huey & Gilchrist 1996 ,,,
Drosophila melanogaster  ,Drosophilidae,Diptera,Insecta,25,0.396,CHG96A, Crill Huey & Gilchrist 1996 ,,,
Drosophila melanogaster  ,Drosophilidae,Diptera,Insecta,12,1.48244,D94A, David et al. (1994  ),,,
Drosophila melanogaster  ,Drosophilidae,Diptera,Insecta,14,1.5207,D94A, David et al. (1994  ),,,
Drosophila melanogaster  ,Drosophilidae,Diptera,Insecta,17,1.50866,D94A, David et al. (1994  ),,,
Drosophila melanogaster  ,Drosophilidae,Diptera,Insecta,21,1.40007,D94A, David et al. (1994  ),,,
Drosophila melanogaster  ,Drosophilidae,Diptera,Insecta,25,1.27042,D94A, David et al. (1994  ),,,
Drosophila melanogaster  ,Drosophilidae,Diptera,Insecta,28,1.17425,D94A, David et al. (1994  ),,,
Drosophila melanogaster  ,Drosophilidae,Diptera,Insecta,31,1.07387,D94A, David et al. (1994  ),,,
Drosophila melanogaster  ,Drosophilidae,Diptera,Insecta,12,0.94493,DC67A, David & Clavel (1967  ),,,
Drosophila melanogaster  ,Drosophilidae,Diptera,Insecta,13,1.05649,DC67A, David & Clavel (1967  ),,,
Drosophila melanogaster  ,Drosophilidae,Diptera,Insecta,14,1.14671,DC67A, David & Clavel (1967  ),,,
Drosophila melanogaster  ,Drosophilidae,Diptera,Insecta,19,1.14257,DC67A, David & Clavel (1967  ),,,
Drosophila melanogaster  ,Drosophilidae,Diptera,Insecta,25,1.01046,DC67A, David & Clavel (1967  ),,,
Drosophila melanogaster  ,Drosophilidae,Diptera,Insecta,28,0.96578,DC67A, David & Clavel (1967  ),,,
Drosophila melanogaster  ,Drosophilidae,Diptera,Insecta,30,0.93758,DC67A, David & Clavel (1967  ),,,
Drosophila melanogaster  ,Drosophilidae,Diptera,Insecta,31,0.8286,DC67A, David & Clavel (1967  ),,,
Drosophila melanogaster  ,Drosophilidae,Diptera,Insecta,32,0.75522,DC67A, David & Clavel (1967  ),,,
Drosophila melanogaster  ,Drosophilidae,Diptera,Insecta,12,1.48203,DLM06A, David Legout& Moreteau (2006  ),,,
Drosophila melanogaster  ,Drosophilidae,Diptera,Insecta,14,1.5199,DLM06A, David Legout& Moreteau (2006  ),,,
Drosophila melanogaster  ,Drosophilidae,Diptera,Insecta,17,1.50854,DLM06A, David Legout& Moreteau (2006  ),,,
Drosophila melanogaster  ,Drosophilidae,Diptera,Insecta,21,1.39873,DLM06A, David Legout& Moreteau (2006  ),,,
Drosophila melanogaster  ,Drosophilidae,Diptera,Insecta,25,1.26999,DLM06A, David Legout& Moreteau (2006  ),,,
Drosophila melanogaster  ,Drosophilidae,Diptera,Insecta,28,1.17154,DLM06A, David Legout& Moreteau (2006  ),,,
Drosophila melanogaster  ,Drosophilidae,Diptera,Insecta,31,1.07309,DLM06A, David Legout& Moreteau (2006  ),,,
Drosophila melanogaster  ,Drosophilidae,Diptera,Insecta,12,1.47825,DLM06B, David Legout& Moreteau (2006  ),,,
Drosophila melanogaster  ,Drosophilidae,Diptera,Insecta,14,1.55019,DLM06B, David Legout& Moreteau (2006  ),,,
Drosophila melanogaster  ,Drosophilidae,Diptera,Insecta,17,1.51611,DLM06B, David Legout& Moreteau (2006  ),,,
Drosophila melanogaster  ,Drosophilidae,Diptera,Insecta,21,1.38737,DLM06B, David Legout& Moreteau (2006  ),,,
Drosophila melanogaster  ,Drosophilidae,Diptera,Insecta,25,1.24349,DLM06B, David Legout& Moreteau (2006  ),,,
Drosophila melanogaster  ,Drosophilidae,Diptera,Insecta,28,1.1829,DLM06B, David Legout& Moreteau (2006  ),,,
Drosophila melanogaster  ,Drosophilidae,Diptera,Insecta,31,1.06931,DLM06B, David Legout& Moreteau (2006  ),,,
Drosophila melanogaster  ,Drosophilidae,Diptera,Insecta,12,1.42145,DLM06C, David Legout& Moreteau (2006  ),,,
Drosophila melanogaster  ,Drosophilidae,Diptera,Insecta,14,1.51611,DLM06C, David Legout& Moreteau (2006  ),,,
Drosophila melanogaster  ,Drosophilidae,Diptera,Insecta,17,1.51611,DLM06C, David Legout& Moreteau (2006  ),,,
Drosophila melanogaster  ,Drosophilidae,Diptera,Insecta,21,1.31164,DLM06C, David Legout& Moreteau (2006  ),,,
Drosophila melanogaster  ,Drosophilidae,Diptera,Insecta,25,1.25863,DLM06C, David Legout& Moreteau (2006  ),,,
Drosophila melanogaster  ,Drosophilidae,Diptera,Insecta,28,1.16397,DLM06C, David Legout& Moreteau (2006  ),,,
Drosophila melanogaster  ,Drosophilidae,Diptera,Insecta,31,1.05795,DLM06C, David Legout& Moreteau (2006  ),,,
Drosophila melanogaster  ,Drosophilidae,Diptera,Insecta,12,1.67939,DLM06D, David Legout& Moreteau (2006  ),,,
Drosophila melanogaster  ,Drosophilidae,Diptera,Insecta,14,1.7344,DLM06D, David Legout& Moreteau (2006  ),,,
Drosophila melanogaster  ,Drosophilidae,Diptera,Insecta,17,1.73745,DLM06D, David Legout& Moreteau (2006  ),,,
Drosophila melanogaster  ,Drosophilidae,Diptera,Insecta,21,1.64884,DLM06D, David Legout& Moreteau (2006  ),,,
Drosophila melanogaster  ,Drosophilidae,Diptera,Insecta,25,1.53272,DLM06D, David Legout& Moreteau (2006  ),,,
Drosophila melanogaster  ,Drosophilidae,Diptera,Insecta,27,1.46549,DLM06D, David Legout& Moreteau (2006  ),,,
Drosophila melanogaster  ,Drosophilidae,Diptera,Insecta,28,1.42882,DLM06D, David Legout& Moreteau (2006  ),,,
Drosophila melanogaster  ,Drosophilidae,Diptera,Insecta,31,1.29743,DLM06D, David Legout& Moreteau (2006  ),,,
Drosophila melanogaster  ,Drosophilidae,Diptera,Insecta,12,0.9556,K98A, Karan et al. (1998)  ,,,
Drosophila melanogaster  ,Drosophilidae,Diptera,Insecta,14,1.0263,K98A, Karan et al. (1998)  ,,,
Drosophila melanogaster  ,Drosophilidae,Diptera,Insecta,17,1.0335,K98A, Karan et al. (1998)  ,,,
Drosophila melanogaster  ,Drosophilidae,Diptera,Insecta,21,0.991,K98A, Karan et al. (1998)  ,,,
Drosophila melanogaster  ,Drosophilidae,Diptera,Insecta,25,0.8676,K98A, Karan et al. (1998)  ,,,
Drosophila melanogaster  ,Drosophilidae,Diptera,Insecta,28,0.7903,K98A, Karan et al. (1998)  ,,,
Drosophila melanogaster  ,Drosophilidae,Diptera,Insecta,31,0.7223,K98A, Karan et al. (1998)  ,,,
Drosophila melanogaster  ,Drosophilidae,Diptera,Insecta,12,0.9486,K98B,Karan etal (1998),,,
Drosophila melanogaster  ,Drosophilidae,Diptera,Insecta,14,1.0205,K98B,Karan etal (1998),,,
Drosophila melanogaster  ,Drosophilidae,Diptera,Insecta,17,1.0393,K98B,Karan etal (1998),,,
Drosophila melanogaster  ,Drosophilidae,Diptera,Insecta,21,0.9714,K98B,Karan etal (1998),,,
Drosophila melanogaster  ,Drosophilidae,Diptera,Insecta,25,0.9023,K98B,Karan etal (1998),,,
Drosophila melanogaster  ,Drosophilidae,Diptera,Insecta,28,0.8447,K98B,Karan etal (1998),,,
Drosophila melanogaster  ,Drosophilidae,Diptera,Insecta,31,0.7466,K98B,Karan etal (1998),,,
Drosophila melanogaster  ,Drosophilidae,Diptera,Insecta,14,1.061,N40A, Neel (1940  ),,,
Drosophila melanogaster  ,Drosophilidae,Diptera,Insecta,19,1.062,N40A, Neel (1940  ),,,
Drosophila melanogaster  ,Drosophilidae,Diptera,Insecta,24,0.953,N40A, Neel (1940  ),,,
Drosophila melanogaster  ,Drosophilidae,Diptera,Insecta,29,0.784,N40A, Neel (1940  ),,,
Drosophila melanogaster  ,Drosophilidae,Diptera,Insecta,12,0.42521,P01A, Petavy et al. (2001)  ,,,
Drosophila melanogaster  ,Drosophilidae,Diptera,Insecta,14,0.49434,P01A, Petavy et al. (2001)  ,,,
Drosophila melanogaster  ,Drosophilidae,Diptera,Insecta,16,0.543235,P01A, Petavy et al. (2001)  ,,,
Drosophila melanogaster  ,Drosophilidae,Diptera,Insecta,18,0.553386,P01A, Petavy et al. (2001)  ,,,
Drosophila melanogaster  ,Drosophilidae,Diptera,Insecta,21,0.508686,P01A, Petavy et al. (2001)  ,,,
Drosophila melanogaster  ,Drosophilidae,Diptera,Insecta,26,0.41811,P01A, Petavy et al. (2001)  ,,,
Drosophila melanogaster  ,Drosophilidae,Diptera,Insecta,28,0.389152,P01A, Petavy et al. (2001)  ,,,
Drosophila melanogaster  ,Drosophilidae,Diptera,Insecta,30,0.351406,P01A, Petavy et al. (2001)  ,,,
Drosophila melanogaster  ,Drosophilidae,Diptera,Insecta,31,0.325652,P01A, Petavy et al. (2001)  ,,,
Drosophila melanogaster  ,Drosophilidae,Diptera,Insecta,12,0.409695,P01B, Petavy et al. (2001)  ,,,
Drosophila melanogaster  ,Drosophilidae,Diptera,Insecta,14,0.474097,P01B, Petavy et al. (2001)  ,,,
Drosophila melanogaster  ,Drosophilidae,Diptera,Insecta,16,0.529895,P01B, Petavy et al. (2001)  ,,,
Drosophila melanogaster  ,Drosophilidae,Diptera,Insecta,18,0.526595,P01B, Petavy et al. (2001)  ,,,
Drosophila melanogaster  ,Drosophilidae,Diptera,Insecta,21,0.488051,P01B, Petavy et al. (2001)  ,,,
Drosophila melanogaster  ,Drosophilidae,Diptera,Insecta,26,0.413888,P01B, Petavy et al. (2001)  ,,,
Drosophila melanogaster  ,Drosophilidae,Diptera,Insecta,28,0.395921,P01B, Petavy et al. (2001)  ,,,
Drosophila melanogaster  ,Drosophilidae,Diptera,Insecta,30,0.357731,P01B, Petavy et al. (2001)  ,,,
Drosophila melanogaster  ,Drosophilidae,Diptera,Insecta,31,0.340209,P01B, Petavy et al. (2001)  ,,,
Drosophila melanogaster  ,Drosophilidae,Diptera,Insecta,10,1.24409,TM61A, Tantawy & Mallah (1961 ),,,
Drosophila melanogaster  ,Drosophilidae,Diptera,Insecta,15,1.18321,TM61A, Tantawy & Mallah (1961 ),,,
Drosophila melanogaster  ,Drosophilidae,Diptera,Insecta,18,1.17948,TM61A, Tantawy & Mallah (1961 ),,,
Drosophila melanogaster  ,Drosophilidae,Diptera,Insecta,22,0.99888,TM61A, Tantawy & Mallah (1961 ),,,
Drosophila melanogaster  ,Drosophilidae,Diptera,Insecta,25,0.89986,TM61A, Tantawy & Mallah (1961 ),,,
Drosophila melanogaster  ,Drosophilidae,Diptera,Insecta,28,0.81665,TM61A, Tantawy & Mallah (1961 ),,,
Drosophila melanogaster  ,Drosophilidae,Diptera,Insecta,30,0.74356,TM61A, Tantawy & Mallah (1961 ),,,
Drosophila melanogaster  ,Drosophilidae,Diptera,Insecta,31,0.67788,TM61A, Tantawy & Mallah (1961 ),,,
Drosophila melanogaster  ,Drosophilidae,Diptera,Insecta,10,1.16197,TM61B, Tantawy & Mallah (1961 ),,,
Drosophila melanogaster  ,Drosophilidae,Diptera,Insecta,15,1.14878,TM61B, Tantawy & Mallah (1961 ),,,
Drosophila melanogaster  ,Drosophilidae,Diptera,Insecta,18,1.1053,TM61B, Tantawy & Mallah (1961 ),,,
Drosophila melanogaster  ,Drosophilidae,Diptera,Insecta,22,0.94324,TM61B, Tantawy & Mallah (1961 ),,,
Drosophila melanogaster  ,Drosophilidae,Diptera,Insecta,25,0.84685,TM61B, Tantawy & Mallah (1961 ),,,
Drosophila melanogaster  ,Drosophilidae,Diptera,Insecta,28,0.77689,TM61B, Tantawy & Mallah (1961 ),,,
Drosophila melanogaster  ,Drosophilidae,Diptera,Insecta,30,0.69055,TM61B, Tantawy & Mallah (1961 ),,,
Drosophila melanogaster  ,Drosophilidae,Diptera,Insecta,31,0.61165,TM61B, Tantawy & Mallah (1961 ),,,
Drosophila melanogaster  ,Drosophilidae,Diptera,Insecta,10,1.14872,TM61C, Tantawy & Mallah (1961 ),,,
Drosophila melanogaster  ,Drosophilidae,Diptera,Insecta,15,1.11164,TM61C, Tantawy & Mallah (1961 ),,,
Drosophila melanogaster  ,Drosophilidae,Diptera,Insecta,18,1.08676,TM61C, Tantawy & Mallah (1961 ),,,
Drosophila melanogaster  ,Drosophilidae,Diptera,Insecta,22,0.94057,TM61C, Tantawy & Mallah (1961 ),,,
Drosophila melanogaster  ,Drosophilidae,Diptera,Insecta,25,0.87863,TM61C, Tantawy & Mallah (1961 ),,,
Drosophila melanogaster  ,Drosophilidae,Diptera,Insecta,28,0.75303,TM61C, Tantawy & Mallah (1961 ),,,
Drosophila melanogaster  ,Drosophilidae,Diptera,Insecta,30,0.70913,TM61C, Tantawy & Mallah (1961 ),,,
Drosophila melanogaster  ,Drosophilidae,Diptera,Insecta,31,0.64345,TM61C, Tantawy & Mallah (1961 ),,,
Drosophila melanogaster  ,Drosophilidae,Diptera,Insecta,10,1.14078,TM61D, Tantawy & Mallah (1961 ),,,
Drosophila melanogaster  ,Drosophilidae,Diptera,Insecta,15,1.1302,TM61D, Tantawy & Mallah (1961 ),,,
Drosophila melanogaster  ,Drosophilidae,Diptera,Insecta,18,1.1053,TM61D, Tantawy & Mallah (1961 ),,,
Drosophila melanogaster  ,Drosophilidae,Diptera,Insecta,22,0.96974,TM61D, Tantawy & Mallah (1961 ),,,
Drosophila melanogaster  ,Drosophilidae,Diptera,Insecta,25,0.83622,TM61D, Tantawy & Mallah (1961 ),,,
Drosophila melanogaster  ,Drosophilidae,Diptera,Insecta,28,0.84581,TM61D, Tantawy & Mallah (1961 ),,,
Drosophila melanogaster  ,Drosophilidae,Diptera,Insecta,30,0.77273,TM61D, Tantawy & Mallah (1961 ),,,
Drosophila melanogaster  ,Drosophilidae,Diptera,Insecta,31,0.72289,TM61D, Tantawy & Mallah (1961 ),,,
Drosophila melanogaster  ,Drosophilidae,Diptera,Insecta,10,1.1355,TM61E, Tantawy & Mallah (1961 ),,,
Drosophila melanogaster  ,Drosophilidae,Diptera,Insecta,15,1.10103,TM61E, Tantawy & Mallah (1961 ),,,
Drosophila melanogaster  ,Drosophilidae,Diptera,Insecta,18,1.10003,TM61E, Tantawy & Mallah (1961 ),,,
Drosophila melanogaster  ,Drosophilidae,Diptera,Insecta,22,0.95121,TM61E, Tantawy & Mallah (1961 ),,,
Drosophila melanogaster  ,Drosophilidae,Diptera,Insecta,25,0.85213,TM61E, Tantawy & Mallah (1961 ),,,
Drosophila melanogaster  ,Drosophilidae,Diptera,Insecta,28,0.76366,TM61E, Tantawy & Mallah (1961 ),,,
Drosophila melanogaster  ,Drosophilidae,Diptera,Insecta,30,0.69586,TM61E, Tantawy & Mallah (1961 ),,,
Drosophila melanogaster  ,Drosophilidae,Diptera,Insecta,31,0.62758,TM61E, Tantawy & Mallah (1961 ),,,
Drosophila persimilis  ,Drosophilidae,Diptera,Insecta,13,1.24,R60C, Ray (1960  ),,,
Drosophila persimilis  ,Drosophilidae,Diptera,Insecta,16,1.2,R60C, Ray (1960  ),,,
Drosophila persimilis  ,Drosophilidae,Diptera,Insecta,19,1.13,R60C, Ray (1960  ),,,
Drosophila persimilis  ,Drosophilidae,Diptera,Insecta,24,0.93,R60C, Ray (1960  ),,,
Drosophila pseudoobscura  ,Drosophilidae,Diptera,Insecta,16,2.35725,D62A, Druger (1962 ),,,
Drosophila pseudoobscura  ,Drosophilidae,Diptera,Insecta,19,2.2305,D62A, Druger (1962 ),,,
Drosophila pseudoobscura  ,Drosophilidae,Diptera,Insecta,25,2.06775,D62A, Druger (1962 ),,,
Drosophila pseudoobscura  ,Drosophilidae,Diptera,Insecta,13,1.28,R60D, Ray (1960  ),,,
Drosophila pseudoobscura  ,Drosophilidae,Diptera,Insecta,16,1.27,R60D, Ray (1960  ),,,
Drosophila pseudoobscura  ,Drosophilidae,Diptera,Insecta,19,1.08,R60D, Ray (1960  ),,,
Drosophila pseudoobscura  ,Drosophilidae,Diptera,Insecta,24,0.84,R60D, Ray (1960  ),,,
Drosophila simulans  ,Drosophilidae,Diptera,Insecta,12,1.511,D97C, David et al.(1997  ),,,
Drosophila simulans  ,Drosophilidae,Diptera,Insecta,14,1.52,D97C, David et al.(1997  ),,,
Drosophila simulans  ,Drosophilidae,Diptera,Insecta,17,1.481,D97C, David et al.(1997  ),,,
Drosophila simulans  ,Drosophilidae,Diptera,Insecta,21,1.392,D97C, David et al.(1997  ),,,
Drosophila simulans  ,Drosophilidae,Diptera,Insecta,25,1.273,D97C, David et al.(1997  ),,,
Drosophila simulans  ,Drosophilidae,Diptera,Insecta,28,1.2,D97C, David et al.(1997  ),,,
Drosophila simulans  ,Drosophilidae,Diptera,Insecta,31,1.087,D97C, David et al.(1997  ),,,
Drosophila simulans  ,Drosophilidae,Diptera,Insecta,12,0.458,P01C, Petavy et al.(2001  ),,,
Drosophila simulans  ,Drosophilidae,Diptera,Insecta,14,0.543,P01C, Petavy et al.(2001  ),,,
Drosophila simulans  ,Drosophilidae,Diptera,Insecta,16,0.558,P01C, Petavy et al.(2001  ),,,
Drosophila simulans  ,Drosophilidae,Diptera,Insecta,18,0.53,P01C, Petavy et al.(2001  ),,,
Drosophila simulans  ,Drosophilidae,Diptera,Insecta,21,0.471,P01C, Petavy et al.(2001  ),,,
Drosophila simulans  ,Drosophilidae,Diptera,Insecta,26,0.376,P01C, Petavy et al.(2001  ),,,
Drosophila simulans  ,Drosophilidae,Diptera,Insecta,28,0.347,P01C, Petavy et al.(2001  ),,,
Drosophila simulans  ,Drosophilidae,Diptera,Insecta,30,0.303,P01C, Petavy et al.(2001  ),,,
Drosophila simulans  ,Drosophilidae,Diptera,Insecta,12,0.439,P01D, Petavy et al.(2001  ),,,
Drosophila simulans  ,Drosophilidae,Diptera,Insecta,14,0.491,P01D, Petavy et al.(2001  ),,,
Drosophila simulans  ,Drosophilidae,Diptera,Insecta,16,0.518,P01D, Petavy et al.(2001  ),,,
Drosophila simulans  ,Drosophilidae,Diptera,Insecta,18,0.507,P01D, Petavy et al.(2001  ),,,
Drosophila simulans  ,Drosophilidae,Diptera,Insecta,21,0.448,P01D, Petavy et al.(2001  ),,,
Drosophila simulans  ,Drosophilidae,Diptera,Insecta,26,0.368,P01D, Petavy et al.(2001  ),,,
Drosophila simulans  ,Drosophilidae,Diptera,Insecta,28,0.338,P01D, Petavy et al.(2001  ),,,
Drosophila simulans  ,Drosophilidae,Diptera,Insecta,30,0.314,P01D, Petavy et al.(2001  ),,,
Drosophila simulans  ,Drosophilidae,Diptera,Insecta,10,1.12,TM61F, Tantawy & Mallah (1961 ),,,
Drosophila simulans  ,Drosophilidae,Diptera,Insecta,15,1.04,TM61F, Tantawy & Mallah (1961 ),,,
Drosophila simulans  ,Drosophilidae,Diptera,Insecta,18,0.95,TM61F, Tantawy & Mallah (1961 ),,,
Drosophila simulans  ,Drosophilidae,Diptera,Insecta,22,0.947,TM61F, Tantawy & Mallah (1961 ),,,
Drosophila simulans  ,Drosophilidae,Diptera,Insecta,25,0.754,TM61F, Tantawy & Mallah (1961 ),,,
Drosophila simulans  ,Drosophilidae,Diptera,Insecta,28,0.645,TM61F, Tantawy & Mallah (1961 ),,,
Drosophila simulans  ,Drosophilidae,Diptera,Insecta,30,0.598,TM61F, Tantawy & Mallah (1961 ),,,
Drosophila simulans  ,Drosophilidae,Diptera,Insecta,10,1.064,TM61G, Tantawy & Mallah (1961 ),,,
Drosophila simulans  ,Drosophilidae,Diptera,Insecta,15,1.032,TM61G, Tantawy & Mallah (1961 ),,,
Drosophila simulans  ,Drosophilidae,Diptera,Insecta,18,0.937,TM61G, Tantawy & Mallah (1961 ),,,
Drosophila simulans  ,Drosophilidae,Diptera,Insecta,22,0.939,TM61G, Tantawy & Mallah (1961 ),,,
Drosophila simulans  ,Drosophilidae,Diptera,Insecta,25,0.762,TM61G, Tantawy & Mallah (1961 ),,,
Drosophila simulans  ,Drosophilidae,Diptera,Insecta,28,0.667,TM61G, Tantawy & Mallah (1961 ),,,
Drosophila simulans  ,Drosophilidae,Diptera,Insecta,30,0.585,TM61G, Tantawy & Mallah (1961 ),,,
Drosophila simulans  ,Drosophilidae,Diptera,Insecta,10,1.056,TM61H, Tantawy & Mallah (1961 ),,,
Drosophila simulans  ,Drosophilidae,Diptera,Insecta,15,1.014,TM61H, Tantawy & Mallah (1961 ),,,
Drosophila simulans  ,Drosophilidae,Diptera,Insecta,18,0.908,TM61H, Tantawy & Mallah (1961 ),,,
Drosophila simulans  ,Drosophilidae,Diptera,Insecta,22,0.932,TM61H, Tantawy & Mallah (1961 ),,,
Drosophila simulans  ,Drosophilidae,Diptera,Insecta,25,0.738,TM61H, Tantawy & Mallah (1961 ),,,
Drosophila simulans  ,Drosophilidae,Diptera,Insecta,28,0.653,TM61H, Tantawy & Mallah (1961 ),,,
Drosophila simulans  ,Drosophilidae,Diptera,Insecta,30,0.577,TM61H, Tantawy & Mallah (1961 ),,,
Drosophila simulans  ,Drosophilidae,Diptera,Insecta,10,1.048,TM61I, Tantawy & Mallah (1961 ),,,
Drosophila simulans  ,Drosophilidae,Diptera,Insecta,15,1.027,TM61I, Tantawy & Mallah (1961 ),,,
Drosophila simulans  ,Drosophilidae,Diptera,Insecta,18,1.014,TM61I, Tantawy & Mallah (1961 ),,,
Drosophila simulans  ,Drosophilidae,Diptera,Insecta,22,0.902,TM61I, Tantawy & Mallah (1961 ),,,
Drosophila simulans  ,Drosophilidae,Diptera,Insecta,25,0.73,TM61I, Tantawy & Mallah (1961 ),,,
Drosophila simulans  ,Drosophilidae,Diptera,Insecta,28,0.677,TM61I, Tantawy & Mallah (1961 ),,,
Drosophila simulans  ,Drosophilidae,Diptera,Insecta,30,0.606,TM61I, Tantawy & Mallah (1961 ),,,
Drosophila simulans  ,Drosophilidae,Diptera,Insecta,10,1.037,TM61J, Tantawy & Mallah (1961 ),,,
Drosophila simulans  ,Drosophilidae,Diptera,Insecta,15,1.006,TM61J, Tantawy & Mallah (1961 ),,,
Drosophila simulans  ,Drosophilidae,Diptera,Insecta,18,0.921,TM61J, Tantawy & Mallah (1961 ),,,
Drosophila simulans  ,Drosophilidae,Diptera,Insecta,22,0.908,TM61J, Tantawy & Mallah (1961 ),,,
Drosophila simulans  ,Drosophilidae,Diptera,Insecta,25,0.82,TM61J, Tantawy & Mallah (1961 ),,,
Drosophila simulans  ,Drosophilidae,Diptera,Insecta,28,0.698,TM61J, Tantawy & Mallah (1961 ),,,
Drosophila simulans  ,Drosophilidae,Diptera,Insecta,30,0.624,TM61J, Tantawy & Mallah (1961 ),,,
Drosophila subobscura  ,Drosophilidae,Diptera,Insecta,6,1.93,D97B, David et al.(1997  ),,,
Drosophila subobscura  ,Drosophilidae,Diptera,Insecta,7,2.043,D97B, David et al.(1997  ),,,
Drosophila subobscura  ,Drosophilidae,Diptera,Insecta,8,2.061,D97B, David et al.(1997  ),,,
Drosophila subobscura  ,Drosophilidae,Diptera,Insecta,9,2.095,D97B, David et al.(1997  ),,,
Drosophila subobscura  ,Drosophilidae,Diptera,Insecta,10,2.113,D97B, David et al.(1997  ),,,
Drosophila subobscura  ,Drosophilidae,Diptera,Insecta,12,2.104,D97B, David et al.(1997  ),,,
Drosophila subobscura  ,Drosophilidae,Diptera,Insecta,14,2.052,D97B, David et al.(1997  ),,,
Drosophila subobscura  ,Drosophilidae,Diptera,Insecta,17,1.957,D97B, David et al.(1997  ),,,
Drosophila subobscura  ,Drosophilidae,Diptera,Insecta,21,1.792,D97B, David et al.(1997  ),,,
Drosophila subobscura  ,Drosophilidae,Diptera,Insecta,25,1.627,D97B, David et al.(1997  ),,,
Drosophila subobscura  ,Drosophilidae,Diptera,Insecta,26,1.533,D97B, David et al.(1997  ),,,
Drosophila subobscura  ,Drosophilidae,Diptera,Insecta,27,1.462,D97B, David et al.(1997  ),,,
Drosophila willistoni  ,Drosophilidae,Diptera,Insecta,16,0.67,R60F, Ray (1960  ),,,
Drosophila willistoni  ,Drosophilidae,Diptera,Insecta,19,0.63,R60F, Ray (1960  ),,,
Drosophila willistoni  ,Drosophilidae,Diptera,Insecta,25,0.57,R60F, Ray (1960  ),,,
Drosophila willistoni  ,Drosophilidae,Diptera,Insecta,29,0.41,R60F, Ray (1960  ),,,
Echinocladius martini,Chironomidae,Diptera,Insecta,12,0.475611647,MC05A,McKie & Cranston (2005),,,
Echinocladius martini,Chironomidae,Diptera,Insecta,18,0.365986415,MC05A,McKie & Cranston (2005),,,
Echinocladius martini,Chironomidae,Diptera,Insecta,26,0.309338509,MC05A,McKie & Cranston (2005),,,
Echinocladius martini,Chironomidae,Diptera,Insecta,32,0.343487937,MC05A,McKie & Cranston (2005),,,
Echinocladius martini,Chironomidae,Diptera,Insecta,12,0.743992439,MC05B,McKie & Cranston (2005),,,
Echinocladius martini,Chironomidae,Diptera,Insecta,18,0.57751461,MC05B,McKie & Cranston (2005),,,
Echinocladius martini,Chironomidae,Diptera,Insecta,26,0.506566432,MC05B,McKie & Cranston (2005),,,
Entomoscelis americana,Chrysomelidae,Coleoptera,Insecta,10,42.4,LaG85A,Lamb & Gerber (1985),,,
Entomoscelis americana,Chrysomelidae,Coleoptera,Insecta,12.5,49.3,LaG85A,Lamb & Gerber (1985),,,
Entomoscelis americana,Chrysomelidae,Coleoptera,Insecta,15,54.5,LaG85A,Lamb & Gerber (1985),,,
Entomoscelis americana,Chrysomelidae,Coleoptera,Insecta,17.5,59.85,LaG85A,Lamb & Gerber (1985),,,
Entomoscelis americana,Chrysomelidae,Coleoptera,Insecta,20,57.7,LaG85A,Lamb & Gerber (1985),,,
Entomoscelis americana,Chrysomelidae,Coleoptera,Insecta,22.5,57.85,LaG85A,Lamb & Gerber (1985),,,
Entomoscelis americana,Chrysomelidae,Coleoptera,Insecta,25,60.9,LaG85A,Lamb & Gerber (1985),,,
Entomoscelis americana,Chrysomelidae,Coleoptera,Insecta,27.5,63,LaG85A,Lamb & Gerber (1985),,,
Entomoscelis americana,Chrysomelidae,Coleoptera,Insecta,30,60.25,LaG85A,Lamb & Gerber (1985),,,
Ephemerella subvaria,Ephemerellidae,Ephemeroptera,Insecta,9.5,0.00342,VS1,Vannote & Sweeney (1980),,,
Ephemerella subvaria,Ephemerellidae,Ephemeroptera,Insecta,15.5,0.00357,VS1,Vannote & Sweeney (1980),,,
Ephemerella subvaria,Ephemerellidae,Ephemeroptera,Insecta,9.5,0.00398,VS2,Vannote & Sweeney (1980),,,
Ephemerella subvaria,Ephemerellidae,Ephemeroptera,Insecta,15.5,0.00391,VS2,Vannote & Sweeney (1980),,,
Ephemerella subvaria,Ephemerellidae,Ephemeroptera,Insecta,9.5,0.00408,VS3,Vannote & Sweeney (1980),,,
Ephemerella subvaria,Ephemerellidae,Ephemeroptera,Insecta,15.5,0.00536,VS3,Vannote & Sweeney (1980),,,
Ephemerella subvaria,Ephemerellidae,Ephemeroptera,Insecta,9.5,0.00474,VS4,Vannote & Sweeney (1980),,,
Ephemerella subvaria,Ephemerellidae,Ephemeroptera,Insecta,15.5,0.00577,VS4,Vannote & Sweeney (1980),,,
Eurema brigitta,Pieridae,Lepidoptera,Insecta,18,0.049790189,KSJP99A,Kitching Scheermeyer Jones Pierce  (1999),,,
Eurema brigitta,Pieridae,Lepidoptera,Insecta,32.5,0.033827359,KSJP99A,Kitching Scheermeyer Jones Pierce  (1999),,,
Eurema hecabe,Pieridae,Lepidoptera,Insecta,18,0.075491009,KSJP99B,Kitching Scheermeyer Jones Pierce  (1999),,,
Eurema hecabe,Pieridae,Lepidoptera,Insecta,32.5,0.056166466,KSJP99B,Kitching Scheermeyer Jones Pierce  (1999),,,
Eurema herla,Pieridae,Lepidoptera,Insecta,18,0.046169203,KSJP99C,Kitching Scheermeyer Jones Pierce  (1999),,,
Eurema herla,Pieridae,Lepidoptera,Insecta,32.5,0.034122098,KSJP99C,Kitching Scheermeyer Jones Pierce  (1999),,,
Eurema laeta,Pieridae,Lepidoptera,Insecta,18,0.039816767,KSJP99D,Kitching Scheermeyer Jones Pierce  (1999),,,
Eurema laeta,Pieridae,Lepidoptera,Insecta,32.5,0.029085442,KSJP99D,Kitching Scheermeyer Jones Pierce  (1999),,,
Eurema smilax,Pieridae,Lepidoptera,Insecta,18,0.031747359,KSJP99E,Kitching Scheermeyer Jones Pierce  (1999),,,
Eurema smilax,Pieridae,Lepidoptera,Insecta,32.5,0.025755377,KSJP99E,Kitching Scheermeyer Jones Pierce  (1999),,,
Eurytemora affinis  ,Temoridae,Calanoida,Maxillopoda,10,0.001026,R60E, Ray (1960  ),,,
Eurytemora affinis  ,Temoridae,Calanoida,Maxillopoda,15,0.000965,R60E, Ray (1960  ),,,
Eurytemora affinis  ,Temoridae,Calanoida,Maxillopoda,20,0.000935,R60E, Ray (1960  ),,,
Farfantepenaeus californiensis  ,Penaeidae,Decapoda,Malacostraca,22,0.567,VHL05A, Villarreal & Hernandez-Llamas (2005  ),,,
Farfantepenaeus californiensis  ,Penaeidae,Decapoda,Malacostraca,25,1.01,VHL05A, Villarreal & Hernandez-Llamas (2005  ),,,
Farfantepenaeus californiensis  ,Penaeidae,Decapoda,Malacostraca,28,0.828,VHL05A, Villarreal & Hernandez-Llamas (2005  ),,,
Farfantepenaeus californiensis  ,Penaeidae,Decapoda,Malacostraca,30,0.507,VHL05A, Villarreal & Hernandez-Llamas (2005  ),,,
Folsomia candida  ,Isotomidae,Collembola,Entognatha,13,0.093425,SVE96A, Stam van de Leemkule & Ernsting(1996 ),,,
Folsomia candida  ,Isotomidae,Collembola,Entognatha,16,0.096308,SVE96A, Stam van de Leemkule & Ernsting(1996 ),,,
Folsomia candida  ,Isotomidae,Collembola,Entognatha,19,0.090933,SVE96A, Stam van de Leemkule & Ernsting(1996 ),,,
Folsomia candida  ,Isotomidae,Collembola,Entognatha,22,0.080339,SVE96A, Stam van de Leemkule & Ernsting(1996 ),,,
Folsomia candida  ,Isotomidae,Collembola,Entognatha,13,0.06386,SVE96B, Stam van de Leemkule & Ernsting(1996 ),,,
Folsomia candida  ,Isotomidae,Collembola,Entognatha,16,0.064569,SVE96B, Stam van de Leemkule & Ernsting(1996 ),,,
Folsomia candida  ,Isotomidae,Collembola,Entognatha,19,0.050497,SVE96B, Stam van de Leemkule & Ernsting(1996 ),,,
Folsomia candida  ,Isotomidae,Collembola,Entognatha,22,0.042514,SVE96B, Stam van de Leemkule & Ernsting(1996 ),,,
Frankliniella occidentalis,Thripidae,Thysanoptera,Insecta,12,0.257776487,SF02G,Stacey & Fellowes (2002),,,
Frankliniella occidentalis,Thripidae,Thysanoptera,Insecta,15,0.271552467,SF02G,Stacey & Fellowes (2002),,,
Frankliniella occidentalis,Thripidae,Thysanoptera,Insecta,20,0.163573538,SF02G,Stacey & Fellowes (2002),,,
Frankliniella occidentalis,Thripidae,Thysanoptera,Insecta,25,0.178416551,SF02G,Stacey & Fellowes (2002),,,
Frankliniella occidentalis,Thripidae,Thysanoptera,Insecta,28,0.117344186,SF02G,Stacey & Fellowes (2002),,,
Frankliniella occidentalis,Thripidae,Thysanoptera,Insecta,12,0.140925099,SF02H,Stacey & Fellowes (2002),,,
Frankliniella occidentalis,Thripidae,Thysanoptera,Insecta,15,0.185015481,SF02H,Stacey & Fellowes (2002),,,
Frankliniella occidentalis,Thripidae,Thysanoptera,Insecta,20,0.167376488,SF02H,Stacey & Fellowes (2002),,,
Frankliniella occidentalis,Thripidae,Thysanoptera,Insecta,25,0.176125352,SF02H,Stacey & Fellowes (2002),,,
Frankliniella occidentalis,Thripidae,Thysanoptera,Insecta,28,0.106579757,SF02H,Stacey & Fellowes (2002),,,
Gonepteryx rhamni,Pieridae,Lepidoptera,Insecta,30,210.496,B69D,Baker (1969),,,
Gonepteryx rhamni,Pieridae,Lepidoptera,Insecta,25,183.352,B69D,Baker (1969),,,
Gonepteryx rhamni,Pieridae,Lepidoptera,Insecta,18,237.432,B69D,Baker (1969),,,
Gonepteryx rhamni,Pieridae,Lepidoptera,Insecta,15,236.496,B69D,Baker (1969),,,
Gonepteryx rhamni,Pieridae,Lepidoptera,Insecta,13,224.432,B69D,Baker (1969),,,
Graminella nigrifrons  ,cicadellidae,Homoptera,Insecta,18,0.355,LMN90A, Larsen Madden & Nault (1990  ),,,
Graminella nigrifrons  ,cicadellidae,Homoptera,Insecta,21,0.33,LMN90A, Larsen Madden & Nault (1990  ),,,
Graminella nigrifrons  ,cicadellidae,Homoptera,Insecta,24,0.3,LMN90A, Larsen Madden & Nault (1990  ),,,
Graminella nigrifrons  ,cicadellidae,Homoptera,Insecta,27,0.28,LMN90A, Larsen Madden & Nault (1990  ),,,
Graminella nigrifrons  ,cicadellidae,Homoptera,Insecta,30,0.26,LMN90A, Larsen Madden & Nault (1990  ),,,
Haptoncus ocularis  ,Nitidulidae,Coleoptera,Insecta,15,0.25,TAH05A, Tsukada Asai & Higuchi(2005  ),,,
Haptoncus ocularis  ,Nitidulidae,Coleoptera,Insecta,20,0.39,TAH05A, Tsukada Asai & Higuchi(2005  ),,,
Haptoncus ocularis  ,Nitidulidae,Coleoptera,Insecta,25,0.3,TAH05A, Tsukada Asai & Higuchi(2005  ),,,
Haptoncus ocularis  ,Nitidulidae,Coleoptera,Insecta,30,0.24,TAH05A, Tsukada Asai & Higuchi(2005  ),,,
Hyas araneus  ,Oregoniidae,Decapoda,Malacostraca,2,18,KA84A, Kunisch & Anger (1984  ),,,
Hyas araneus  ,Oregoniidae,Decapoda,Malacostraca,4,18,KA84A, Kunisch & Anger (1984  ),,,
Hyas araneus  ,Oregoniidae,Decapoda,Malacostraca,6,13,KA84A, Kunisch & Anger (1984  ),,,
Hyas araneus  ,Oregoniidae,Decapoda,Malacostraca,12,14,KA84A, Kunisch & Anger (1984  ),,,
Hyas coarctatus  ,Oregoniidae,Decapoda,Malacostraca,6,13,A84A, Anger (1984  ),,,
Hyas coarctatus  ,Oregoniidae,Decapoda,Malacostraca,9,22,A84A, Anger (1984  ),,,
Hyas coarctatus  ,Oregoniidae,Decapoda,Malacostraca,12,15,A84A, Anger (1984  ),,,
Hyas coarctatus  ,Oregoniidae,Decapoda,Malacostraca,15,15,A84A, Anger (1984  ),,,
Inachis io,Nymphalidae,Lepidoptera,Insecta,25,239.252,B69E,Baker (1969),,,
Inachis io,Nymphalidae,Lepidoptera,Insecta,18,285.792,B69E,Baker (1969),,,
Inachis io,Nymphalidae,Lepidoptera,Insecta,12,538.405,BTB97B, Bryant   Thomas & Bale (1997  ),,,
Inachis io,Nymphalidae,Lepidoptera,Insecta,15,496.565,BTB97B, Bryant   Thomas & Bale (1997  ),,,
Inachis io,Nymphalidae,Lepidoptera,Insecta,20,510.639,BTB97B, Bryant   Thomas & Bale (1997  ),,,
Inachis io,Nymphalidae,Lepidoptera,Insecta,25,382.801,BTB97B, Bryant   Thomas & Bale (1997  ),,,
Inachis io,Nymphalidae,Lepidoptera,Insecta,30,302.753,BTB97B, Bryant   Thomas & Bale (1997  ),,,
Inachis io,Nymphalidae,Lepidoptera,Insecta,34,237.255,BTB97B, Bryant   Thomas & Bale (1997  ),,,
Lestes viridis  ,Lesitdae,Odonata,Insecta,18,12,DBS03A, De Block & Stoks (2003  ),,,
Lestes viridis  ,Lesitdae,Odonata,Insecta,22,9.01,DBS03A, De Block & Stoks (2003  ),,,
Lestes viridis  ,Lesitdae,Odonata,Insecta,26,6.824,DBS03A, De Block & Stoks (2003  ),,,
Lestes viridis  ,Lesitdae,Odonata,Insecta,18,10.04,DBS03B, De Block & Stoks (2003  ),,,
Lestes viridis  ,Lesitdae,Odonata,Insecta,22,7.678,DBS03B, De Block & Stoks (2003  ),,,
Lestes viridis  ,Lesitdae,Odonata,Insecta,26,6.673,DBS03B, De Block & Stoks (2003  ),,,
Lycaena hippothoe,Lycaenidae,Lepidoptera,Insecta,15,85.45,FF02Z, Fischer & Fiedler (2002  ),,,
Lycaena hippothoe,Lycaenidae,Lepidoptera,Insecta,20,78.95,FF02Z, Fischer & Fiedler (2002  ),,,
Lycaena hippothoe,Lycaenidae,Lepidoptera,Insecta,25,80.35,FF02Z, Fischer & Fiedler (2002  ),,,
Lycaena hippothoe,Lycaenidae,Lepidoptera,Insecta,30,75.6,FF02Z, Fischer & Fiedler (2002  ),,,
Lycaena tityrus  ,Lycaenidae,Lepidoptera,Insecta,18,116.496,KJF08A, Karl Janowitz& Fischer (2008  ),,,
Lycaena tityrus  ,Lycaenidae,Lepidoptera,Insecta,27,111.669,KJF08A, Karl Janowitz& Fischer (2008  ),,,
Lycaena tityrus  ,Lycaenidae,Lepidoptera,Insecta,18,111.273,KJF08B, Karl Janowitz& Fischer (2008  ),,,
Lycaena tityrus  ,Lycaenidae,Lepidoptera,Insecta,27,106.314,KJF08B, Karl Janowitz& Fischer (2008  ),,,
Macrocyclops albidus  ,Cyclopidae,Cyclopoida,Maxillopoda,5,0.044114,AP85C, Abdullahi & Parry (1985  ),,,
Macrocyclops albidus  ,Cyclopidae,Cyclopoida,Maxillopoda,8,0.041148,AP85C, Abdullahi & Parry (1985  ),,,
Macrocyclops albidus  ,Cyclopidae,Cyclopoida,Maxillopoda,10,0.036831,AP85C, Abdullahi & Parry (1985  ),,,
Macrocyclops albidus  ,Cyclopidae,Cyclopoida,Maxillopoda,12,0.035683,AP85C, Abdullahi & Parry (1985  ),,,
Macrocyclops albidus  ,Cyclopidae,Cyclopoida,Maxillopoda,15,0.033171,AP85C, Abdullahi & Parry (1985  ),,,
Macrocyclops albidus  ,Cyclopidae,Cyclopoida,Maxillopoda,20,0.027699,AP85C, Abdullahi & Parry (1985  ),,,
Megachile rotundata  ,Megachilidae,Hymenoptera,Insecta,16,23.3,TP86A, Tependino & Parker (1986  ),,,
Megachile rotundata  ,Megachilidae,Hymenoptera,Insecta,24,29.6,TP86A, Tependino & Parker (1986  ),,,
Megachile rotundata  ,Megachilidae,Hymenoptera,Insecta,29,33.5,TP86A, Tependino & Parker (1986  ),,,
Osmia bicornis  ,Megachilidae,Hymenoptera,Insecta,20,126.393,RS09A, Radmacher &Strohm (2009 ),,,
Osmia bicornis  ,Megachilidae,Hymenoptera,Insecta,25,95.056,RS09A, Radmacher &Strohm (2009 ),,,
Osmia bicornis  ,Megachilidae,Hymenoptera,Insecta,30,51.532,RS09A, Radmacher &Strohm (2009 ),,,
Pandalus borealis  ,Pandalidae,Decapoda,Malacostraca,5,2.1755,OC05A, Ouellet & Chabot (2005 ),,,
Pandalus borealis  ,Pandalidae,Decapoda,Malacostraca,8,2.4695,OC05A, Ouellet & Chabot (2005 ),,,
Paracalanus sp.  ,Paracalanidae,Calanoida,Maxillopoda,10,0.003397,U91A, Uye (1991  ),,,
Paracalanus sp.  ,Paracalanidae,Calanoida,Maxillopoda,13,0.003178,U91A, Uye (1991  ),,,
Paracalanus sp.  ,Paracalanidae,Calanoida,Maxillopoda,15,0.002896,U91A, Uye (1991  ),,,
Paracalanus sp.  ,Paracalanidae,Calanoida,Maxillopoda,18,0.002703,U91A, Uye (1991  ),,,
Paracalanus sp.  ,Paracalanidae,Calanoida,Maxillopoda,20,0.002275,U91A, Uye (1991  ),,,
Paracalanus sp.  ,Paracalanidae,Calanoida,Maxillopoda,23,0.002035,U91A, Uye (1991  ),,,
Paracalanus sp.  ,Paracalanidae,Calanoida,Maxillopoda,25,0.001849,U91A, Uye (1991  ),,,
Paracerceis sculpta,Sphaeromatidae,Isopoda,Malacostraca,21,14.22,SG99A, Shuster & Guthrie (1999  ),,,
Paracerceis sculpta,Sphaeromatidae,Isopoda,Malacostraca,27,8.635,SG99A, Shuster & Guthrie (1999  ),,,
Paralichthys olivaceus  ,Paralichthyidae,Pleuronectiformes,Actinoperygii,13,3.586,S86A, Seikai (1986  ),,,
Paralichthys olivaceus  ,Paralichthyidae,Pleuronectiformes,Actinoperygii,16,3.148,S86A, Seikai (1986  ),,,
Paralichthys olivaceus  ,Paralichthyidae,Pleuronectiformes,Actinoperygii,19,2.837,S86A, Seikai (1986  ),,,
Parameletus minor  ,Siphlonuridae,Ephemeroptera,Insecta,6,61,S88A, Soderstrom (1988  ),,,
Parameletus minor  ,Siphlonuridae,Ephemeroptera,Insecta,11,56,S88A, Soderstrom (1988  ),,,
Parameletus minor  ,Siphlonuridae,Ephemeroptera,Insecta,15,53,S88A, Soderstrom (1988  ),,,
Parameletus minor  ,Siphlonuridae,Ephemeroptera,Insecta,11,68,S88B, Soderstrom (1988  ),,,
Parameletus minor  ,Siphlonuridae,Ephemeroptera,Insecta,15,63,S88B, Soderstrom (1988  ),,,
Parnara guttata  ,Hesperiidae,Lepidoptera,Insecta,20,251.706,S05A, Seko et al. 2005  ,,,
Parnara guttata  ,Hesperiidae,Lepidoptera,Insecta,25,244.071,S05A, Seko et al. 2005  ,,,
Philodina roseola  ,Philodinidae,Bdelloidea,Eurotatoria,14,0.00191,LG85A, Lebedeva & Gerasimova (1985  ),,,
Philodina roseola  ,Philodinidae,Bdelloidea,Eurotatoria,20,0.00277,LG85A, Lebedeva & Gerasimova (1985  ),,,
Philodina roseola  ,Philodinidae,Bdelloidea,Eurotatoria,26,0.00187,LG85A, Lebedeva & Gerasimova (1985  ),,,
Philodina roseola  ,Philodinidae,Bdelloidea,Eurotatoria,32,0.00117,LG85A, Lebedeva & Gerasimova (1985  ),,,
Pieris brassicae,Pieridae,Lepidoptera,Insecta,25,181.532,B69F,Baker (1969),,,
Pieris brassicae,Pieridae,Lepidoptera,Insecta,20,229.216,B69F,Baker (1969),,,
Pieris brassicae,Pieridae,Lepidoptera,Insecta,16,251.108,B69F,Baker (1969),,,
Pieris brassicae,Pieridae,Lepidoptera,Insecta,13.5,232.856,B69F,Baker (1969),,,
Pieris napi,Pieridae,Lepidoptera,Insecta,30,58.136,B69A,Baker (1969),,,
Pieris napi,Pieridae,Lepidoptera,Insecta,25,63.648,B69A,Baker (1969),,,
Pieris napi,Pieridae,Lepidoptera,Insecta,18,82.576,B69A,Baker (1969),,,
Pieris napi,Pieridae,Lepidoptera,Insecta,15,90.324,B69A,Baker (1969),,,
Pieris napi,Pieridae,Lepidoptera,Insecta,13,93.496,B69A,Baker (1969),,,
Pieris rapae,Pieridae,Lepidoptera,Insecta,30,66.612,B69B,Baker (1969),,,
Pieris rapae,Pieridae,Lepidoptera,Insecta,25,68.64,B69B,Baker (1969),,,
Pieris rapae,Pieridae,Lepidoptera,Insecta,19,83.252,B69B,Baker (1969),,,
Pieris rapae,Pieridae,Lepidoptera,Insecta,15.5,96.46,B69B,Baker (1969),,,
Pieris rapae,Pieridae,Lepidoptera,Insecta,13.5,103.324,B69B,Baker (1969),,,
Pieris rapae,Pieridae,Lepidoptera,Insecta,17.85,181.22,JHB82A, Jones Hart & Bull (1982)  ,,,
Pieris rapae,Pieridae,Lepidoptera,Insecta,19.532,168.51,JHB82A, Jones Hart & Bull (1982)  ,,,
Pieris rapae,Pieridae,Lepidoptera,Insecta,22.311,154.17,JHB82A, Jones Hart & Bull (1982)  ,,,
Pieris rapae,Pieridae,Lepidoptera,Insecta,30.279,133.96,JHB82A, Jones Hart & Bull (1982)  ,,,
Pieris rapae,Pieridae,Lepidoptera,Insecta,15,195.9,R69A, Rahman (1969 ),,,
Pieris rapae,Pieridae,Lepidoptera,Insecta,20,155.2,R69A, Rahman (1969 ),,,
Pieris rapae,Pieridae,Lepidoptera,Insecta,25,148.2,R69A, Rahman (1969 ),,,
Pieris rapae,Pieridae,Lepidoptera,Insecta,15,198.9,R69B, Rahman (1969 ),,,
Pieris rapae,Pieridae,Lepidoptera,Insecta,20,159,R69B, Rahman (1969 ),,,
Pieris rapae,Pieridae,Lepidoptera,Insecta,25,144.2,R69B, Rahman (1969 ),,,
Pieris rapae,Pieridae,Lepidoptera,Insecta,15,197.5,R69C, Rahman (1969 ),,,
Pieris rapae,Pieridae,Lepidoptera,Insecta,20,157.2,R69C, Rahman (1969 ),,,
Pieris rapae,Pieridae,Lepidoptera,Insecta,25,153.7,R69C, Rahman (1969 ),,,
Pieris rapae,Pieridae,Lepidoptera,Insecta,15,195.9,R69D, Rahman (1969 ),,,
Pieris rapae,Pieridae,Lepidoptera,Insecta,20,160.1,R69D, Rahman (1969 ),,,
Pieris rapae,Pieridae,Lepidoptera,Insecta,25,150.8,R69D, Rahman (1969 ),,,
Polia grandis  ,Noctuidae,Lepidoptera,Insecta,25,319,M77A, Miller 1977  ,,,
Polia grandis  ,Noctuidae,Lepidoptera,Insecta,30,257,M77A, Miller 1977  ,,,
Polygonia c-album  ,Nymphalidae,Lepidoptera,Insecta,12,368.567,BTB97C, Bryant Thomas & Bale (1997  ),,,
Polygonia c-album  ,Nymphalidae,Lepidoptera,Insecta,15,379.868,BTB97C, Bryant Thomas & Bale (1997  ),,,
Polygonia c-album  ,Nymphalidae,Lepidoptera,Insecta,20,330.853,BTB97C, Bryant Thomas & Bale (1997  ),,,
Polygonia c-album  ,Nymphalidae,Lepidoptera,Insecta,25,299.639,BTB97C, Bryant Thomas & Bale (1997  ),,,
Polygonia c-album  ,Nymphalidae,Lepidoptera,Insecta,30,272.508,BTB97C, Bryant Thomas & Bale (1997  ),,,
Polygonia c-album  ,Nymphalidae,Lepidoptera,Insecta,34,210.494,BTB97C, Bryant Thomas & Bale (1997  ),,,
Pseudacris ornata  ,Hylidae,Anura,Amphibia,15,52.5,HS88A, Harkey & Semlitsch (1988  ),,,
Pseudacris ornata  ,Hylidae,Anura,Amphibia,20,19.3,HS88A, Harkey & Semlitsch (1988  ),,,
Pseudacris ornata  ,Hylidae,Anura,Amphibia,25,10.3,HS88A, Harkey & Semlitsch (1988  ),,,
Pseudacris ornata  ,Hylidae,Anura,Amphibia,30,20.3,HS88A, Harkey & Semlitsch (1988  ),,,
Pseudocalanus minutus,Clausocalanidae,Calanoida,Maxillopoda,5.11,0.06404103,LM70A,Lock and McLaren (1970),,,
Pseudocalanus minutus,Clausocalanidae,Calanoida,Maxillopoda,7.89,0.055436407,LM70A,Lock and McLaren (1970),,,
Pseudocalanus minutus,Clausocalanidae,Calanoida,Maxillopoda,12.08,0.048838317,LM70A,Lock and McLaren (1970),,,
Pseudocalanus newmani  ,Clausocalanidae,Calanoida,Maxillopoda,3,0.007823,L03A, Lee et al. (2003  ),,,
Pseudocalanus newmani  ,Clausocalanidae,Calanoida,Maxillopoda,6,0.006505,L03A, Lee et al. (2003  ),,,
Pseudocalanus newmani  ,Clausocalanidae,Calanoida,Maxillopoda,10,0.004302,L03A, Lee et al. (2003  ),,,
Pseudocalanus newmani  ,Clausocalanidae,Calanoida,Maxillopoda,15,0.002964,L03A, Lee et al. (2003  ),,,
Pseudodiaptomus dubia  ,Pseudodiaptomidae,Calanoida,Maxillopoda,15,0.0015842,L09A, Li et al. (2009 ),,,
Pseudodiaptomus dubia  ,Pseudodiaptomidae,Calanoida,Maxillopoda,20,0.0016495,L09A, Li et al. (2009 ),,,
Pseudodiaptomus dubia  ,Pseudodiaptomidae,Calanoida,Maxillopoda,25,0.0015842,L09A, Li et al. (2009 ),,,
Pseudodiaptomus dubia  ,Pseudodiaptomidae,Calanoida,Maxillopoda,30,0.0015842,L09A, Li et al. (2009 ),,,
Pseudodiaptomus dubia  ,Pseudodiaptomidae,Calanoida,Maxillopoda,35,0.00152,L09A, Li et al. (2009 ),,,
Pterohelaeus alternatus  ,Tenebrionidae,Coleoptera,Insecta,21,218.1,A81A, Allsopp (1981 ),,,
Pterohelaeus alternatus  ,Tenebrionidae,Coleoptera,Insecta,24,253.1,A81A, Allsopp (1981 ),,,
Pterohelaeus alternatus  ,Tenebrionidae,Coleoptera,Insecta,29,239.2,A81A, Allsopp (1981 ),,,
Pterohelaeus alternatus  ,Tenebrionidae,Coleoptera,Insecta,30,255.9,A81A, Allsopp (1981 ),,,
Pterohelaeus alternatus  ,Tenebrionidae,Coleoptera,Insecta,33,392.9,A81A, Allsopp (1981 ),,,
Pterohelaeus darlingensis  ,Tenebrionidae,Coleoptera,Insecta,21,251.8,A81B, Allsopp (1981 ),,,
Pterohelaeus darlingensis  ,Tenebrionidae,Coleoptera,Insecta,24,195.3,A81B, Allsopp (1981 ),,,
Pterohelaeus darlingensis  ,Tenebrionidae,Coleoptera,Insecta,29,196.9,A81B, Allsopp (1981 ),,,
Pterohelaeus darlingensis  ,Tenebrionidae,Coleoptera,Insecta,30,207.9,A81B, Allsopp (1981 ),,,
Pterohelaeus darlingensis  ,Tenebrionidae,Coleoptera,Insecta,33,169,A81B, Allsopp (1981 ),,,
Rana lessonae  ,Ranidae,Anura,Amphibia,20,1.568,OL09A, Orizaola & Laurila( 2009  ),,,
Rana lessonae  ,Ranidae,Anura,Amphibia,25,1.312,OL09A, Orizaola & Laurila( 2009  ),,,
Rana lessonae  ,Ranidae,Anura,Amphibia,20,1.63,OL09B, Orizaola & Laurila( 2009  ),,,
Rana lessonae  ,Ranidae,Anura,Amphibia,25,1.249,OL09B, Orizaola & Laurila( 2009  ),,,
Rana lessonae  ,Ranidae,Anura,Amphibia,20,1.696,OL09C, Orizaola & Laurila( 2009  ),,,
Rana lessonae  ,Ranidae,Anura,Amphibia,25,1.227,OL09C, Orizaola & Laurila( 2009  ),,,
Rana pipiens  ,Ranidae,Anura,Amphibia,13,4825,SGB79A, Smith-Gill & Berven (1979  ),,,
Rana pipiens  ,Ranidae,Anura,Amphibia,18,4587.5,SGB79A, Smith-Gill & Berven (1979  ),,,
Rana pipiens  ,Ranidae,Anura,Amphibia,23,2729.375,SGB79A, Smith-Gill & Berven (1979  ),,,
Rana pipiens  ,Ranidae,Anura,Amphibia,28,2439.090909,SGB79A, Smith-Gill & Berven (1979  ),,,
Rana sylvatica,Ranidae,Anura,Amphibia,13,989.7,B82A,Berven (1982),,,
Rana sylvatica,Ranidae,Anura,Amphibia,15,763.3,B82A,Berven (1982),,,
Rana sylvatica,Ranidae,Anura,Amphibia,18,650.9,B82A,Berven (1982),,,
Rana sylvatica,Ranidae,Anura,Amphibia,20,528.4,B82A,Berven (1982),,,
Rana sylvatica,Ranidae,Anura,Amphibia,22,515.8,B82A,Berven (1982),,,
Rana sylvatica,Ranidae,Anura,Amphibia,25,395.7,B82A,Berven (1982),,,
Rana sylvatica,Ranidae,Anura,Amphibia,13,942.2,B82B,Berven (1982),,,
Rana sylvatica,Ranidae,Anura,Amphibia,15,709,B82B,Berven (1982),,,
Rana sylvatica,Ranidae,Anura,Amphibia,18,513.9,B82B,Berven (1982),,,
Rana sylvatica,Ranidae,Anura,Amphibia,20,388.4,B82B,Berven (1982),,,
Rana sylvatica,Ranidae,Anura,Amphibia,22,386.7,B82B,Berven (1982),,,
Rana sylvatica,Ranidae,Anura,Amphibia,25,281.7,B82B,Berven (1982),,,
Rana sylvatica,Ranidae,Anura,Amphibia,13,896.9,B82C,Berven (1982),,,
Rana sylvatica,Ranidae,Anura,Amphibia,15,671.6,B82C,Berven (1982),,,
Rana sylvatica,Ranidae,Anura,Amphibia,18,606.1,B82C,Berven (1982),,,
Rana sylvatica,Ranidae,Anura,Amphibia,20,488.4,B82C,Berven (1982),,,
Rana sylvatica,Ranidae,Anura,Amphibia,22,454.9,B82C,Berven (1982),,,
Rana sylvatica,Ranidae,Anura,Amphibia,25,323.4,B82C,Berven (1982),,,
Rana sylvatica,Ranidae,Anura,Amphibia,13,1205,BG82A, Berven & Gill(1983  ),,,
Rana sylvatica,Ranidae,Anura,Amphibia,15,905,BG82A, Berven & Gill(1983  ),,,
Rana sylvatica,Ranidae,Anura,Amphibia,18,730,BG82A, Berven & Gill(1983  ),,,
Rana sylvatica,Ranidae,Anura,Amphibia,20,690,BG82A, Berven & Gill(1983  ),,,
Rana sylvatica,Ranidae,Anura,Amphibia,22,631,BG82A, Berven & Gill(1983  ),,,
Rana sylvatica,Ranidae,Anura,Amphibia,25,504,BG82A, Berven & Gill(1983  ),,,
Rana sylvatica,Ranidae,Anura,Amphibia,13,1285,BG83B, Berven & Gill(1983  ),,,
Rana sylvatica,Ranidae,Anura,Amphibia,15,819,BG83B, Berven & Gill(1983  ),,,
Rana sylvatica,Ranidae,Anura,Amphibia,18,774,BG83B, Berven & Gill(1983  ),,,
Rana sylvatica,Ranidae,Anura,Amphibia,20,635,BG83B, Berven & Gill(1983  ),,,
Rana sylvatica,Ranidae,Anura,Amphibia,22,566,BG83B, Berven & Gill(1983  ),,,
Rana sylvatica,Ranidae,Anura,Amphibia,25,446,BG83B, Berven & Gill(1983  ),,,
Rana sylvatica,Ranidae,Anura,Amphibia,13,1408,BG83C, Berven & Gill(1983  ),,,
Rana sylvatica,Ranidae,Anura,Amphibia,15,992,BG83C, Berven & Gill(1983  ),,,
Rana sylvatica,Ranidae,Anura,Amphibia,18,837,BG83C, Berven & Gill(1983  ),,,
Rana sylvatica,Ranidae,Anura,Amphibia,20,729,BG83C, Berven & Gill(1983  ),,,
Rana sylvatica,Ranidae,Anura,Amphibia,22,692,BG83C, Berven & Gill(1983  ),,,
Rana sylvatica,Ranidae,Anura,Amphibia,25,547,BG83C, Berven & Gill(1983  ),,,
Rana sylvatica,Ranidae,Anura,Amphibia,16.4,540,R60A, Ray 1960  ,,,
Rana sylvatica,Ranidae,Anura,Amphibia,20.6,330,R60A, Ray 1960  ,,,
Rana temporaria  ,Ranidae,Anura,Amphibia,14,782,L05A, Laugen et al. (2005  ),,56 N Latitude,
Rana temporaria  ,Ranidae,Anura,Amphibia,18,537,L05A, Laugen et al. (2005  ),,56 N Latitude,
Rana temporaria  ,Ranidae,Anura,Amphibia,22,399,L05A, Laugen et al. (2005  ),,56 N Latitude,
Rana temporaria  ,Ranidae,Anura,Amphibia,14,987,L05B, Laugen et al. (2005  ),,60 N Latitude,
Rana temporaria  ,Ranidae,Anura,Amphibia,18,672,L05B, Laugen et al. (2005  ),,60 N Latitude,
Rana temporaria  ,Ranidae,Anura,Amphibia,22,501,L05B, Laugen et al. (2005  ),,60 N Latitude,
Rana temporaria  ,Ranidae,Anura,Amphibia,14,978,L05C, Laugen et al. (2005  ),,64 N Latitude,
Rana temporaria  ,Ranidae,Anura,Amphibia,18,636,L05C, Laugen et al. (2005  ),,64 N Latitude,
Rana temporaria  ,Ranidae,Anura,Amphibia,22,444,L05C, Laugen et al. (2005  ),,64 N Latitude,
Rana temporaria  ,Ranidae,Anura,Amphibia,14,985,L05D, Laugen et al. (2005  ),,66 N Latitude,
Rana temporaria  ,Ranidae,Anura,Amphibia,18,579,L05D, Laugen et al. (2005  ),,66 N Latitude,
Rana temporaria  ,Ranidae,Anura,Amphibia,22,515,L05D, Laugen et al. (2005  ),,66 N Latitude,
Rana temporaria  ,Ranidae,Anura,Amphibia,14,881,L05E, Laugen et al. (2005  ),,68 N Latitude,
Rana temporaria  ,Ranidae,Anura,Amphibia,18,573,L05E, Laugen et al. (2005  ),,68 N Latitude,
Rana temporaria  ,Ranidae,Anura,Amphibia,22,462,L05E, Laugen et al. (2005  ),,68 N Latitude,
Rana temporaria  ,Ranidae,Anura,Amphibia,14,768,L05F, Laugen et al. (2005  ),,69 N Latitude,
Rana temporaria  ,Ranidae,Anura,Amphibia,18,596,L05F, Laugen et al. (2005  ),,69 N Latitude,
Rana temporaria  ,Ranidae,Anura,Amphibia,22,435,L05F, Laugen et al. (2005  ),,69 N Latitude,
Scathophaga stercoraria  ,Scathophagidae,Diptera,Insecta,10,52.734,B00A, Blanckenhorn(2000  ),,,
Scathophaga stercoraria  ,Scathophagidae,Diptera,Insecta,15,49.836,B00A, Blanckenhorn(2000  ),,,
Scathophaga stercoraria  ,Scathophagidae,Diptera,Insecta,20,45.499,B00A, Blanckenhorn(2000  ),,,
Scathophaga stercoraria  ,Scathophagidae,Diptera,Insecta,25,41.422,B00A, Blanckenhorn(2000  ),,,
Scottolana canadensis  ,Canuellidae,Harpaticoida,Maxillopoda,15,0.0008579,LL85A, Lonsdale & Levinton (1985  ),,,
Scottolana canadensis  ,Canuellidae,Harpaticoida,Maxillopoda,20,0.0008421,LL85A, Lonsdale & Levinton (1985  ),,,
Scottolana canadensis  ,Canuellidae,Harpaticoida,Maxillopoda,25,0.0007965,LL85A, Lonsdale & Levinton (1985  ),,,
Scottolana canadensis  ,Canuellidae,Harpaticoida,Maxillopoda,15,0.0009579,LL85B, Lonsdale & Levinton (1985  ),,,
Scottolana canadensis  ,Canuellidae,Harpaticoida,Maxillopoda,20,0.0009895,LL85B, Lonsdale & Levinton (1985  ),,,
Scottolana canadensis  ,Canuellidae,Harpaticoida,Maxillopoda,25,0.0009158,LL85B, Lonsdale & Levinton (1985  ),,,
Scottolana canadensis  ,Canuellidae,Harpaticoida,Maxillopoda,15,0.0009895,LL85C, Lonsdale & Levinton (1985  ),,,
Scottolana canadensis  ,Canuellidae,Harpaticoida,Maxillopoda,20,0.0009789,LL85C, Lonsdale & Levinton (1985  ),,,
Scottolana canadensis  ,Canuellidae,Harpaticoida,Maxillopoda,25,0.0009632,LL85C, Lonsdale & Levinton (1985  ),,,
Simocephalus vetulus  ,Daphniidae,Diplostraca,Branchiopoda,15,0.0351,P88A, Perrin (1988  ),,,
Simocephalus vetulus  ,Daphniidae,Diplostraca,Branchiopoda,21,0.0284,P88A, Perrin (1988  ),,,
Simocephalus vetulus  ,Daphniidae,Diplostraca,Branchiopoda,27,0.0194,P88A, Perrin (1988  ),,,
Sinocalanus tenellus  ,Centropagidae,Calanoida,Maxillopoda,6,0.004606,KYO86A, Kimoto Uye &Onbe (1986  ),,,
Sinocalanus tenellus  ,Centropagidae,Calanoida,Maxillopoda,10,0.005571,KYO86A, Kimoto Uye &Onbe (1986  ),,,
Sinocalanus tenellus  ,Centropagidae,Calanoida,Maxillopoda,15,0.004674,KYO86A, Kimoto Uye &Onbe (1986  ),,,
Sinocalanus tenellus  ,Centropagidae,Calanoida,Maxillopoda,19,0.004535,KYO86A, Kimoto Uye &Onbe (1986  ),,,
Sinocalanus tenellus  ,Centropagidae,Calanoida,Maxillopoda,20,0.00477,KYO86A, Kimoto Uye &Onbe (1986  ),,,
Sinocalanus tenellus  ,Centropagidae,Calanoida,Maxillopoda,23,0.004953,KYO86A, Kimoto Uye &Onbe (1986  ),,,
Sinocalanus tenellus  ,Centropagidae,Calanoida,Maxillopoda,24,0.003822,KYO86A, Kimoto Uye &Onbe (1986  ),,,
Sinocalanus tenellus  ,Centropagidae,Calanoida,Maxillopoda,26,0.003647,KYO86A, Kimoto Uye &Onbe (1986  ),,,
Sinocalanus tenellus  ,Centropagidae,Calanoida,Maxillopoda,27,0.003799,KYO86A, Kimoto Uye &Onbe (1986  ),,,
Sinocalanus tenellus  ,Centropagidae,Calanoida,Maxillopoda,30,0.003454,KYO86A, Kimoto Uye &Onbe (1986  ),,,
Sinocalanus tenellus  ,Centropagidae,Calanoida,Maxillopoda,31,0.003271,KYO86A, Kimoto Uye &Onbe (1986  ),,,
Sinocalanus tenellus  ,Centropagidae,Calanoida,Maxillopoda,35,0.003482,KYO86A, Kimoto Uye &Onbe (1986  ),,,
Stator limbatus  ,Chrysomelidae,Coleoptera,Insecta,24,3.531,SF05A, Stillwell & Fox (2005  ),,,
Stator limbatus  ,Chrysomelidae,Coleoptera,Insecta,30,3.337,SF05A, Stillwell & Fox (2005  ),,,
Stator limbatus  ,Chrysomelidae,Coleoptera,Insecta,36,3.191,SF05A, Stillwell & Fox (2005  ),,,
Stator limbatus  ,Chrysomelidae,Coleoptera,Insecta,24,3.72,SF05B, Stillwell & Fox (2005  ),,,
Stator limbatus  ,Chrysomelidae,Coleoptera,Insecta,30,3.39,SF05B, Stillwell & Fox (2005  ),,,
Stator limbatus  ,Chrysomelidae,Coleoptera,Insecta,36,3.09,SF05B, Stillwell & Fox (2005  ),,,
Stator limbatus  ,Chrysomelidae,Coleoptera,Insecta,22,3.6165,SMF05A, Stillwell Moya-Larano& Fox (2008  ),,,
Stator limbatus  ,Chrysomelidae,Coleoptera,Insecta,34,2.9985,SMF05A, Stillwell Moya-Larano& Fox (2008  ),,,
Synchaeta pectinata  ,Synchaetidae,Plioma,Eurotatoria,4,0.002926,S02A, Stelzer 2002 ,,,
Synchaeta pectinata  ,Synchaetidae,Plioma,Eurotatoria,8,0.00222,S02A, Stelzer 2002 ,,,
Synchaeta pectinata  ,Synchaetidae,Plioma,Eurotatoria,12,0.002047,S02A, Stelzer 2002 ,,,
Taeniopoda eques  ,Romaleidae,Orthoptera,Insecta,20,1400,W86A, Whitman (1986  ),,,
Taeniopoda eques  ,Romaleidae,Orthoptera,Insecta,25,2630,W86A, Whitman (1986  ),,,
Taeniopoda eques  ,Romaleidae,Orthoptera,Insecta,30,3370,W86A, Whitman (1986  ),,,
Taeniopoda eques  ,Romaleidae,Orthoptera,Insecta,35,2520,W86A, Whitman (1986  ),,,
Thrips major,Thripidae,Thysanoptera,Insecta,12,0.349548962,SF02D,Stacey & Fellowes (2002),,,
Thrips major,Thripidae,Thysanoptera,Insecta,15,0.299913727,SF02D,Stacey & Fellowes (2002),,,
Thrips major,Thripidae,Thysanoptera,Insecta,20,0.3357411,SF02D,Stacey & Fellowes (2002),,,
Thrips major,Thripidae,Thysanoptera,Insecta,25,0.271823511,SF02D,Stacey & Fellowes (2002),,,
Thrips major,Thripidae,Thysanoptera,Insecta,28,0.324760018,SF02D,Stacey & Fellowes (2002),,,
Thrips major,Thripidae,Thysanoptera,Insecta,12,0.341874149,SF02E,Stacey & Fellowes (2002),,,
Thrips major,Thripidae,Thysanoptera,Insecta,15,0.201960941,SF02E,Stacey & Fellowes (2002),,,
Thrips major,Thripidae,Thysanoptera,Insecta,20,0.176945064,SF02E,Stacey & Fellowes (2002),,,
Thrips major,Thripidae,Thysanoptera,Insecta,25,0.181207077,SF02E,Stacey & Fellowes (2002),,,
Thrips major,Thripidae,Thysanoptera,Insecta,28,0.179830515,SF02E,Stacey & Fellowes (2002),,,
Thrips major,Thripidae,Thysanoptera,Insecta,12,0.229424616,SF02F,Stacey & Fellowes (2002),,,
Thrips major,Thripidae,Thysanoptera,Insecta,15,0.208901847,SF02F,Stacey & Fellowes (2002),,,
Thrips major,Thripidae,Thysanoptera,Insecta,20,0.156679035,SF02F,Stacey & Fellowes (2002),,,
Thrips major,Thripidae,Thysanoptera,Insecta,25,0.149952837,SF02F,Stacey & Fellowes (2002),,,
Thrips major,Thripidae,Thysanoptera,Insecta,28,0.157523452,SF02F,Stacey & Fellowes (2002),,,
Thrips tabaci,Thripidae,Thysanoptera,Insecta,12,0.298774805,SF02A,Stacey & Fellowes (2002),,,
Thrips tabaci,Thripidae,Thysanoptera,Insecta,15,0.267543903,SF02A,Stacey & Fellowes (2002),,,
Thrips tabaci,Thripidae,Thysanoptera,Insecta,20,0.248786472,SF02A,Stacey & Fellowes (2002),,,
Thrips tabaci,Thripidae,Thysanoptera,Insecta,25,0.219663807,SF02A,Stacey & Fellowes (2002),,,
Thrips tabaci,Thripidae,Thysanoptera,Insecta,28,0.193800637,SF02A,Stacey & Fellowes (2002),,,
Thrips tabaci,Thripidae,Thysanoptera,Insecta,12,0.307327514,SF02B,Stacey & Fellowes (2002),,,
Thrips tabaci,Thripidae,Thysanoptera,Insecta,15,0.254478313,SF02B,Stacey & Fellowes (2002),,,
Thrips tabaci,Thripidae,Thysanoptera,Insecta,20,0.254760231,SF02B,Stacey & Fellowes (2002),,,
Thrips tabaci,Thripidae,Thysanoptera,Insecta,25,0.218890472,SF02B,Stacey & Fellowes (2002),,,
Thrips tabaci,Thripidae,Thysanoptera,Insecta,28,0.235475235,SF02B,Stacey & Fellowes (2002),,,
Thrips tabaci,Thripidae,Thysanoptera,Insecta,12,0.226609859,SF02C,Stacey & Fellowes (2002),,,
Thrips tabaci,Thripidae,Thysanoptera,Insecta,15,0.228807109,SF02C,Stacey & Fellowes (2002),,,
Thrips tabaci,Thripidae,Thysanoptera,Insecta,20,0.185219192,SF02C,Stacey & Fellowes (2002),,,
Thrips tabaci,Thripidae,Thysanoptera,Insecta,25,0.168822937,SF02C,Stacey & Fellowes (2002),,,
Thrips tabaci,Thripidae,Thysanoptera,Insecta,28,0.187323196,SF02C,Stacey & Fellowes (2002),,,
Trogoderma anthrenoides,Dermestidae,Coleoptera,Insecta,20,5.011,BC64A,Burges & Cammell (1964),,,
Trogoderma anthrenoides,Dermestidae,Coleoptera,Insecta,25,5.74845,BC64A,Burges & Cammell (1964),,,
Trogoderma anthrenoides,Dermestidae,Coleoptera,Insecta,27.5,5.8933,BC64A,Burges & Cammell (1964),,,
Trogoderma anthrenoides,Dermestidae,Coleoptera,Insecta,35,4.75815,BC64A,Burges & Cammell (1964),,,
Vanessa atalanta  ,Nymphalidae,Lepidoptera,Insecta,12,709.239,BTB97D, Bryant Thomas & Bale (1997  ),,,
Vanessa atalanta  ,Nymphalidae,Lepidoptera,Insecta,15,678.527,BTB97D, Bryant Thomas & Bale (1997  ),,,
Vanessa atalanta  ,Nymphalidae,Lepidoptera,Insecta,20,625.486,BTB97D, Bryant Thomas & Bale (1997  ),,,
Vanessa atalanta  ,Nymphalidae,Lepidoptera,Insecta,25,588.986,BTB97D, Bryant Thomas & Bale (1997  ),,,
Vanessa atalanta  ,Nymphalidae,Lepidoptera,Insecta,30,547.015,BTB97D, Bryant Thomas & Bale (1997  ),,,
Vanessa atalanta  ,Nymphalidae,Lepidoptera,Insecta,32,447.286,BTB97D, Bryant Thomas & Bale (1997  ),,,
Zaprionus indianus  ,Drosophilidae,Diptera,Insecta,13,1.93938,KMD99A, Karan Moreteau & David (1999  ),,,
Zaprionus indianus  ,Drosophilidae,Diptera,Insecta,14,2.02815,KMD99A, Karan Moreteau & David (1999  ),,,
Zaprionus indianus  ,Drosophilidae,Diptera,Insecta,17,2.28676,KMD99A, Karan Moreteau & David (1999  ),,,
Zaprionus indianus  ,Drosophilidae,Diptera,Insecta,21,2.59571,KMD99A, Karan Moreteau & David (1999  ),,,
Zaprionus indianus  ,Drosophilidae,Diptera,Insecta,25,2.22769,KMD99A, Karan Moreteau & David (1999  ),,,
Zaprionus indianus  ,Drosophilidae,Diptera,Insecta,28,2.07861,KMD99A, Karan Moreteau & David (1999  ),,,
Zaprionus indianus  ,Drosophilidae,Diptera,Insecta,31,1.92184,KMD99A, Karan Moreteau & David (1999  ),,,
