Species,Mg,TC,MRo2,Watts,ref,
Ambystoma gracile ,30.39,15,0.6352,0.003546533,[255] , 
Ambystoma jeffersonianum ,8.92,15,0.3158,0.001763217,[255] , 
Ambystoma macrodactylum ,3.414,15,0.1098,0.00061305,[255] , 
Ambystoma macrodactylum ,3.7,15,0.4514,0.002520317,[255] , 
Ambystoma maculatum ,13.1,5,0.3157,0.001762658,[255] , 
Ambystoma maculatum ,11.75,5,0.3631,0.002027308,[255] , 
Ambystoma maculatum ,11.9,10,0.3045,0.001700125,[255] , 
Ambystoma maculatum ,11.75,10,0.5875,0.003280208,[255] , 
Ambystoma maculatum ,15.83,15,0.3625,0.002023958,[255] , 
Ambystoma maculatum ,13.4,15,1.3199,0.007369442,[255] , 
Ambystoma maculatum ,11.75,15,1.2396,0.0069211,[255] ,
Ambystoma maculatum ,0.512,20,0.0518,0.000289217,[255] ,
Ambystoma maculatum ,12.9,25,1.677,0.00936325,[255] ,
Ambystoma maculatum ,11.75,25,1.544,0.008620667,[255] ,
Ambystoma maculatum ,12.9,30,1.7183,0.009593842,[255] ,
Ambystoma maculatum ,11.75,30,1.5592,0.008705533,[255] ,
Ambystoma mexicanum ,43.7,20,0.9614,0.005367817,[255] ,
Ambystoma mexicanum ,21.3,22,0.3195,0.001783875,[255] ,
Ambystoma opacum ,4.65,14,0.0865,0.000482958,[255] ,
Ambystoma opacum ,5.8,15,0.464,0.002590667,[255] ,
Ambystoma talpoideum ,7,15,0.56,0.003126667,[255] ,
Ambystoma tigrinum ,23,5,0.276,0.001541,[255] ,
Ambystoma tigrinum ,16.49,6,0.8595,0.004798875,[255] ,
Ambystoma tigrinum ,15,10,0.8895,0.004966375,[255] ,
Ambystoma tigrinum ,10.78,15,0.138,0.0007705,[255] ,
Ambystoma tigrinum ,35,15,1.5484,0.008645233,[255] ,
Ambystoma tigrinum ,16.49,15,1.3213,0.007377258,[255] ,
Ambystoma tigrinum ,16.5,15,1.5246,0.00851235,[255] ,
Ambystoma tigrinum ,29.4,23,2.9988,0.0167433,[255] ,
Ambystoma tigrinum ,33.8,23,2.6026,0.014531183,[255] ,
Ambystoma tigrinum ,23,25,1.978,0.011043833,[255] ,
Ambystoma tigrinum ,8.1,25,0.891,0.00497475,[255] ,
Ambystoma tigrinum ,35,25,1.7885,0.009985792,[255] ,
Ambystoma tigrinum ,16.49,25,3.1908,0.0178153,[255] ,
Ambystoma tigrinum ,14.9,25,1.5675,0.008751875,[255] ,
Amphiuma means ,352,5,0.884,0.004935667,[255] ,
Amphiuma means ,500,5,1.65,0.0092125,[255] ,
Amphiuma means ,500,10,2.8,0.015633333,[255] ,
Amphiuma means ,375,15,2.531,0.014131417,[255] ,
Amphiuma means ,500,15,3.1,0.017308333,[255] ,
Amphiuma means ,408,15,2.513,0.014030917,[255] ,
Amphiuma means ,125,18,4.875,0.02721875,[255] ,
Amphiuma means ,83,20,2.324,0.012975667,[255] ,
Amphiuma means ,500,20,5.05,0.028195833,[255] ,
Amphiuma means ,1270,21.5,17.304,0.096614,[255] ,
Amphiuma means ,376,25,5.038,0.028128833,[255] ,
Amphiuma means ,500,25,9.25,0.051645833,[255] ,
Amphiuma means ,500,27,15.8,0.088216667,[255] ,
Amphiuma means ,500,30,35.3,0.197091667,[255] ,
Amphiuma tridactylum ,652,15,2.452,0.013690333,[255] ,
Amphiuma tridactylum ,493,25,9.86,0.055051667,[255] ,
Cryptobranchus alleganiensis ,514,5,4.4615,0.024910042,[255] ,
Cryptobranchus alleganiensis ,511,15,10.6595,0.059515542,[255] ,
Cryptobranchus alleganiensis ,423,25,13.0792,0.073025533,[255] ,
Dicamptodon ensatus ,101.25,15,1.3061,0.007292392,[255] ,
Dicamptodon ensatus ,24,15,0.7488,0.0041808,[255] ,
Rhyacotriton olympicus ,2.6,15,0.2496,0.0013936,[255] ,
Aneides ferreus ,2.73,15,0.0743,0.000414842,[255] ,
Aneides ferreus ,3.2,25,0.2118,0.00118255,[255] ,
Aneides flavipunctatus ,4.57,15,0.1197,0.000668325,[255] ,
Aneides flavipunctatus ,1.79,25,0.1421,0.000793392,[255] ,
Aneides hardii ,0.97,5,0.0301,0.000168058,[255] ,
Aneides hardii ,0.97,10,0.0359,0.000200442,[255] ,
Aneides hardii ,0.97,15,0.0485,0.000270792,[255] ,
Aneides hardii ,0.97,20,0.0514,0.000286983,[255] ,
Aneides hardii ,0.97,25,0.0912,0.0005092,[255] ,
Aneides lugubris ,5.58,15,0.1495,0.000834708,[255] ,
Aneides lugubris ,0.116,20,0.0447,0.000249575,[255] ,
Batrachoseps attenuatus ,0.65,5,0.0166,9.26833E-05,[255] ,
Batrachoseps attenuatus ,0.77,15,0.0318,0.00017755,[255] ,
Batrachoseps attenuatus ,0.93,15,0.0453,0.000252925,[255] ,
Batrachoseps attenuatus ,1.55,20,0.093,0.00051925,[255] ,
Batrachoseps attenuatus ,0.931,20,0.0692,0.000386367,[255] ,
Batrachoseps attenuatus ,0.74,25,0.0838,0.000467883,[255] ,
Batrachoseps attenuatus ,0.93,25,0.0802,0.000447783,[255] ,
Bolitoglossa franklini ,3.18,15,0.055,0.000307083,[255] ,
Bolitoglossa morio ,2.09,15,0.0445,0.000248458,[255] ,
Bolitoglossa occidentalis ,1.07,5,0.0196,0.000109433,[255] ,
Bolitoglossa occidentalis ,0.97,15,0.0202,0.000112783,[255] ,
Bolitoglossa occidentalis ,0.61,15,0.0168,0.0000938,[255] ,
Bolitoglossa occidentalis ,0.98,25,0.1039,0.000580108,[255] ,
Bolitoglossa occidentalis ,0.61,25,0.0673,0.000375758,[255] ,
Bolitoglossa subpalmata ,1.63,5,0.0159,0.000088775,[255] ,
Bolitoglossa subpalmata ,1.63,10,0.0251,0.000140142,[255] ,
Bolitoglossa subpalmata ,1.63,15,0.0513,0.000286425,[255] ,
Bolitoglossa subpalmata ,1.63,20,0.0708,0.0003953,[255] ,
Chiropterotriton bromeliacia ,0.59,15,0.0144,0.0000804,[255] ,
Desmognathus fuscus ,0.8,5,0.0132,0.0000737,[255] ,
Desmognathus fuscus ,1.17,5,0.0163,9.10083E-05,[255] ,
Desmognathus fuscus ,2.07,5,0.035,0.000195417,[255] ,
Desmognathus fuscus ,1.67,10,0.0525,0.000293125,[255] ,
Desmognathus fuscus ,1.95,10,0.2139,0.001194275,[255] ,
Desmognathus fuscus ,4.5,13,0.1935,0.001080375,[255] ,
Desmognathus fuscus ,0.91,15,0.0291,0.000162475,[255] ,
Desmognathus fuscus ,1.24,15,0.0423,0.000236175,[255] ,
Desmognathus fuscus ,1.7,15,0.0584,0.000326067,[255] ,
Desmognathus fuscus ,2.53,16.5,0.0972,0.0005427,[255] ,
Desmognathus fuscus ,1.31,17,0.059,0.000329417,[255] ,
Desmognathus fuscus ,2.26,20,0.1022,0.000570617,[255] ,
Desmognathus fuscus ,2.09,20,0.0895,0.000499708,[255] ,
Desmognathus fuscus ,1.92,20,0.0974,0.000543817,[255] ,
Desmognathus monticola ,5.4,15,0.3078,0.00171855,[255] ,
Desmognathus monticola ,3.43,20,0.1454,0.000811817,[255] ,
Desmognathus ochrophaes ,0.9,5,0.01,5.58333E-05,[255] ,
Desmognathus ochrophaes ,2.75,5,0.0338,0.000188717,[255] ,
Desmognathus ochrophaes ,1.17,5,0.0163,9.10083E-05,[255] ,
Desmognathus ochrophaes ,1.07,5,0.0173,9.65917E-05,[255] ,
Desmognathus ochrophaes ,0.9,10,0.017,9.49167E-05,[255] ,
Desmognathus ochrophaes ,2.68,10,0.0496,0.000276933,[255] ,
Desmognathus ochrophaes ,1.16,10,0.0341,0.000190392,[255] ,
Desmognathus ochrophaes ,0.9,14,0.02,0.000111667,[255] ,
Desmognathus ochrophaes ,1.965,15,0.1769,0.000987692,[255] ,
Desmognathus ochrophaes ,2.56,15,0.0822,0.00045895,[255] ,
Desmognathus ochrophaes ,1.24,15,0.0423,0.000236175,[255] ,
Desmognathus ochrophaes ,1.09,15,0.0392,0.000218867,[255] ,
Desmognathus ochrophaes ,0.9,17.5,0.045,0.00025125,[255] ,
Desmognathus ochrophaes ,1.4,17.5,0.051,0.00028475,[255] ,
Desmognathus ochrophaes ,1.6,17.5,0.0427,0.000238408,[255] ,
Desmognathus ochrophaes ,2.5,17.5,0.082,0.000457833,[255] ,
Desmognathus ochrophaes ,2.43,20,0.1196,0.000667767,[255] ,
Desmognathus ochrophaes ,1.11,20,0.0615,0.000343375,[255] ,
Desmognathus ochrophaes ,0.9,21,0.038,0.000212167,[255] ,
Desmognathus quadramaculatus ,23.41,5,0.1639,0.000915108,[255] ,
Desmognathus quadramaculatus ,16.4,5,0.4723,0.002637008,[255] ,
Desmognathus quadramaculatus ,9.25,5,0.2646,0.00147735,[255] ,
Desmognathus quadramaculatus ,10.1,10,0.4444,0.002481233,[255] ,
Desmognathus quadramaculatus ,9.25,10,0.4033,0.002251758,[255] ,
Desmognathus quadramaculatus ,22.28,15,0.43,0.002400833,[255] ,
Desmognathus quadramaculatus ,16.8,15,0.9341,0.005215392,[255] ,
Desmognathus quadramaculatus ,9.25,15,0.5337,0.002979825,[255] ,
Desmognathus quadramaculatus ,2.24,20,0.0977,0.000545492,[255] ,
Desmognathus quadramaculatus ,19.36,20,0.8267,0.004615742,[255] ,
Desmognathus quadramaculatus ,13.3,20,0.9323,0.005205342,[255] ,
Desmognathus quadramaculatus ,9.25,20,0.6216,0.0034706,[255] ,
Desmognathus quadramaculatus ,22.82,25,1.1866,0.006625183,[255] ,
Desmognathus quadramaculatus ,15.1,25,1.1612,0.006483367,[255] ,
Desmognathus quadramaculatus ,9.25,25,0.7104,0.0039664,[255] ,
Ensatina eschscholtzi ,0.308,14,0.0176,9.82667E-05,[255] ,
Ensatina eschscholtzi ,3.39,15,0.1292,0.000721367,[255] ,
Ensatina eschscholtzi ,5.3,25,0.3572,0.001994367,[255] ,
Eurycea bislineata ,1.041,1,0.016,8.93333E-05,[255] ,
Eurycea bislineata ,1.14,5,0.0157,8.76583E-05,[255] ,
Eurycea bislineata ,1.07,10,0.0263,0.000146842,[255] ,
Eurycea bislineata ,1.092,10,0.0489,0.000273025,[255] ,
Eurycea bislineata ,0.93,15,0.0494,0.000275817,[255] ,
Eurycea bislineata ,1.17,16,0.0674,0.000376317,[255] ,
Eurycea bislineata ,0.93,20,0.0539,0.000300942,[255] ,
Eurycea longicauda ,1.57,15,0.0504,0.0002814,[255] ,
Eurycea multiplicata ,0.64,5,0.0088,4.91333E-05,[255] ,
Eurycea multiplicata ,0.78,5,0.0322,0.000179783,[255] ,
Eurycea multiplicata ,0.63,10,0.0093,0.000051925,[255] ,
Eurycea multiplicata ,0.8,10,0.0858,0.00047905,[255] ,
Eurycea multiplicata ,0.71,15,0.0155,8.65417E-05,[255] ,
Eurycea multiplicata ,0.65,15,0.1162,0.000648783,[255] ,
Eurycea multiplicata ,0.84,20,0.0931,0.000519808,[255] ,
Eurycea multiplicata ,0.79,20,0.1764,0.0009849,[255] ,
Eurycea multiplicata ,0.73,25,0.0555,0.000309875,[255] ,
Eurycea nana ,0.154,25,0.0132,0.0000737,[255] ,
Eurycea neotenes ,0.243,25,0.0258,0.00014405,[255] ,
Eurycea pterophila? ,0.196,25,0.0176,9.82667E-05,[255] ,
Gyrinophilus danielsi ,12.78,2,0.1035,0.000577875,[255] ,
Gyrinophilus danielsi ,14.44,15,0.322,0.001797833,[255] ,
Gyrinophilus danielsi ,13.76,25,0.9109,0.005085858,[255] ,
Gyrinophilus porphyrictus ,7.28,5,0.0531,0.000296475,[255] ,
Gyrinophilus porphyrictus ,15.3,15,0.8874,0.00495465,[255] ,
Gyrinophilus porphyrictus ,12.4,15.5,0.1885,0.001052458,[255] ,
Gyrinophilus porphyrictus ,7.36,25,0.4858,0.002712383,[255] ,
Gyrinophilus porphyrictus ,7.67,15,0.1795,0.001002208,[255] ,
Hydromantes sp. ,3.23,15,0.124,0.000692333,[255] ,
Plethodon cinereus ,0.844,1,0.012,0.000067,[255] ,
Plethodon cinereus ,0.7,5,0.01,5.58333E-05,[255] ,
Plethodon cinereus ,0.7,10,0.015,0.00008375,[255] ,
Plethodon cinereus ,0.862,10,0.0323,0.000180342,[255] ,
Plethodon cinereus ,0.7,14,0.019,0.000106083,[255] ,
Plethodon cinereus ,0.8,15,0.032,0.000178667,[255] ,
Plethodon cinereus ,0.99,15.5,0.039,0.00021775,[255] ,
Plethodon cinereus ,0.7,17.5,0.028,0.000156333,[255] ,
Plethodon cinereus ,0.6,17.5,0.0168,0.0000938,[255] ,
Plethodon cinereus ,0.9,17.5,0.03,0.0001675,[255] ,
Plethodon cinereus ,0.94,18.5,0.0415,0.000231708,[255] ,
Plethodon cinereus ,1,20,0.0476,0.000265767,[255] ,
Plethodon cinereus ,0.89,20,0.0451,0.000251808,[255] ,
Plethodon cinereus ,0.7,21,0.034,0.000189833,[255] ,
Plethodon dorsalis ,0.75,5,0.0083,4.63417E-05,[255] ,
Plethodon dorsalis ,0.77,10,0.0178,9.93833E-05,[255] ,
Plethodon dorsalis ,0.66,15,0.0293,0.000163592,[255] ,
Plethodon dorsalis ,0.71,20,0.0222,0.00012395,[255] ,
Plethodon dorsalis ,0.69,25,0.0239,0.000133442,[255] ,
Plethodon glutinosus ,3.75,5,0.0443,0.000247342,[255] ,
Plethodon glutinosus ,3.65,10,0.0762,0.00042545,[255] ,
Plethodon glutinosus ,4.33,14,0.2464,0.001375733,[255] ,
Plethodon glutinosus ,4.25,15,0.1441,0.000804558,[255] ,
Plethodon glutinosus ,3.65,15,0.1167,0.000651575,[255] ,
Plethodon glutinosus ,4.2,15,0.3444,0.0019229,[255] ,
Plethodon glutinosus ,3.65,20,0.1583,0.000883842,[255] ,
Plethodon glutinosus ,5.01,20,0.1671,0.000932975,[255] ,
Plethodon glutinosus ,3.91,25,0.3237,0.001807325,[255] ,
Plethodon jordani ,3.1,5,0.027,0.00015075,[255] ,
Plethodon jordani ,3.1,10,0.058,0.000323833,[255] ,
Plethodon jordani ,3.1,14,0.087,0.00048575,[255] ,
Plethodon jordani ,1.83,15,0.0511,0.000285308,[255] ,
Plethodon jordani ,3.1,17.5,0.109,0.000608583,[255] ,
Plethodon jordani ,4.3,17.5,0.138,0.0007705,[255] ,
Plethodon jordani ,2.2,17.5,0.071,0.000396417,[255] ,
Plethodon jordani ,3.1,21,0.148,0.000826333,[255] ,
Plethodon jordani ,1.83,25,0.1243,0.000694008,[255] ,
Plethodon neomexicanus ,2.47,5,0.0914,0.000510317,[255] ,
Plethodon neomexicanus ,2.47,10,0.1186,0.000662183,[255] ,
Plethodon neomexicanus ,2.47,15,0.1359,0.000758775,[255] ,
Plethodon neomexicanus ,2.47,20,0.1408,0.000786133,[255] ,
Plethodon neomexicanus ,2.47,25,0.1507,0.000841408,[255] ,
Plethodon spp. ,3.25,22,0.1859,0.001037942,[255] ,
Pseudoeurycea belli ,10.94,15,0.1882,0.001050783,[255] ,
Pseudoeurycea belli ,24.45,25,0.7188,0.0040133,[255] ,
Pseudoeurycea brunnata ,3.33,15,0.656,0.003662667,[255] ,
Pseudoeurycea cephalica ,1.45,15,0.0354,0.00019765,[255] ,
Pseudoeurycea cochranae ,2.23,15,0.0457,0.000255158,[255] ,
Pseudoeurycea gadovii ,3.09,5,0.0442,0.000246783,[255] ,
Pseudoeurycea gadovii ,2.88,15,0.085,0.000474583,[255] ,
Pseudoeurycea gadovii ,2.99,25,0.2443,0.001364008,[255] ,
Pseudoeurycea goebeli ,3.78,5,0.0359,0.000200442,[255] ,
Pseudoeurycea goebeli ,3.66,15,0.0831,0.000463975,[255] ,
Pseudoeurycea goebeli ,3.73,25,0.2842,0.001586783,[255] ,
Pseudoeurycea leprosa ,2.46,15,0.0556,0.000310433,[255] ,
Pseudoeurycea rex ,1.86,15,0.0392,0.000218867,[255] ,
Pseudoeurycea smithii ,6.66,15,0.1185,0.000661625,[255] ,
Pseudoeurycea smithii ,4.2,15,0.1008,0.0005628,[255] ,
Pseudoeurycea smithii ,4.2,25,0.2617,0.001461158,[255] ,
Pseudotriton ruber ,10.81,5,0.0681,0.000380225,[255] ,
Pseudotriton ruber ,10.33,15,0.2324,0.001297567,[255] ,
Pseudotriton ruber ,5.8,15,0.4234,0.002363983,[255] ,
Pseudotriton ruber ,10.66,25,0.6172,0.003446033,[255] ,
Thorius sp. ,0.26,5,0.0041,2.28917E-05,[255] ,
Thorius sp. ,0.31,15,0.008,4.46667E-05,[255] ,
Thorius sp. ,0.25,25,0.0217,0.000121158,[255] ,
Necturus maculosus ,214,5,1.1684,0.006523567,[255] ,
Necturus maculosus ,101.9,5,0.5095,0.002844708,[255] ,
Necturus maculosus ,206,15,2.3031,0.012858975,[255] ,
Necturus maculosus ,101.9,15,1.2228,0.0068273,[255] ,
Necturus maculosus ,150,20,7.215,0.04028375,[255] ,
Necturus maculosus ,115,21.5,3.8956,0.021750433,[255] ,
Necturus maculosus ,114.5,22,3.1488,0.0175808,[255] ,
Necturus maculosus ,212,25,5.6222,0.031390617,[255] ,
Necturus maculosus ,125,25,2.475,0.01381875,[255] ,
Molga torosa? ,17.5,18.5,2.73,0.0152425,[255] ,
Notophthalmus viridescens ,1.63,5,0.0898,0.000501383,[255] ,
Notophthalmus viridescens ,2.43,10,0.1993,0.001112758,[255] ,
Notophthalmus viridescens ,1.72,15,0.0592,0.000330533,[255] ,
Notophthalmus viridescens ,1.7,15,0.1365,0.000762125,[255] ,
Notophthalmus viridescens ,1.23,15,0.0752,0.000419867,[255] ,
Notophthalmus viridescens ,3,20,0.135,0.00075375,[255] ,
Notophthalmus viridescens ,1.31,20,0.1533,0.000855925,[255] ,
Notophthalmus viridescens ,1.35,25,0.125,0.000697917,[255] ,
Notophthalmus viridescens ,1.5,25,0.1532,0.000855367,[255] ,
Salamandra maculosa ,28.32,18.5,3.6448,0.020350133,[255] ,
Salamandra salamandra ,19.1,15,1.5471,0.008637975,[255] ,
Salamandra salamandra ,75,16,1.1273,0.006294092,[255] ,
Salamandra salamandra ,29,16,0.6238,0.003482883,[255] ,
Salamandra salamandra ,10,16,0.4176,0.0023316,[255] ,
Taricha granulosa ,9,5,0.1152,0.0006432,[255] ,
Taricha granulosa ,13.3,5,0.5413,0.003022258,[255] ,
Taricha granulosa ,10,5,0.4,0.002233333,[255] ,
Taricha granulosa ,12.5,10,0.745,0.004159583,[255] ,
Taricha granulosa ,10,10,0.6,0.00335,[255] ,
Taricha granulosa ,6.56,15,0.1601,0.000893892,[255] ,
Taricha granulosa ,13.8,15,1.093,0.006102583,[255] ,
Taricha granulosa ,10,15,0.768,0.004288,[255] ,
Taricha granulosa ,8.75,20,0.392,0.002188667,[255] ,
Taricha granulosa ,10.1,20,1.0262,0.005729617,[255] ,
Taricha granulosa ,10,20,1.004,0.005605667,[255] ,
Taricha granulosa ,11.9,25,1.6398,0.00915555,[255] ,
Taricha granulosa ,10,25,1.4,0.007816667,[255] ,
Taricha rivularis ,10.83,15,0.3011,0.001681142,[255] ,
Taricha torosa ,11.23,10,0.1797,0.001003325,[255] ,
Taricha torosa ,9.87,10,0.0888,0.0004958,[255] ,
Taricha torosa ,6.94,15,0.2089,0.001166358,[255] ,
Taricha torosa ,10.67,15,0.286,0.001596833,[255] ,
Taricha torosa ,9.7,15,0.5238,0.00292455,[255] ,
Taricha torosa ,9.7,15,0.2425,0.001353958,[255] ,
Taricha torosa ,11.23,15,0.6064,0.003385733,[255] ,
Taricha torosa ,9.87,15,0.2566,0.001432683,[255] ,
Taricha torosa ,19.7,17,1.3514,0.007545317,[255] ,
Taricha torosa ,11.23,20,0.685,0.003824583,[255] ,
Taricha torosa ,9.87,20,0.2665,0.001487958,[255] ,
Taricha torosa ,10.67,25,0.5452,0.003044033,[255] ,
Taricha torosa ,11.23,25,1.3364,0.007461567,[255] ,
Taricha torosa ,9.87,25,0.4244,0.002369567,[255] ,
Taricha torosa ,11,25,0.5555,0.003101542,[255] ,
Taricha torosa ,12.5,25,1.0738,0.005995383,[255] ,
Triturus cristatus ,7,10,0.385,0.002149583,[255] ,
Triturus vulgaris ,8.75,6,0.863,0.004818417,[255] ,
Triturus vulgaris ,8.75,15,0.8127,0.004537575,[255] ,
Triturus vulgaris ,8.75,25,1.6264,0.009080733,[255] ,
Pseudobranchus striatus ,1.58,25,0.0932,0.000520367,[255] ,
Pseudobranchus striatus ,2.19,25,0.1116,0.0006231,[255] ,
Pseudobranchus striatus ,2.5,25,0.184,0.001027333,[255] ,
Siren intermedia ,74.9,25,10.7631,0.060093975,[255] ,
Siren intermedia ,13.7,25,0.4521,0.002524225,[255] ,
Siren intermedia ,7,25,0.28,0.001563333,[255] ,
Siren intermedia ,18.1,25,0.8661,0.004835725,[255] ,
Siren lacertina ,601,5,2.0844,0.0116379,[255] ,
Siren lacertina ,581,15,3.8114,0.021280317,[255] ,
Siren lacertina ,172,20,4.6268,0.025832967,[255] ,
Siren lacertina ,126,22,6.6654,0.03721515,[255] ,
Siren lacertina ,628,25,9.0118,0.050315883,[255] ,
Siren lacertina ,73,25,1.08,0.00603,[255] ,
Siren lacertina ,269,25,3.0397,0.016971658,[255] ,
Siren lacertina ,1182,25,32.174,0.179638167,[255] ,
Siren lacertina ,36,25,1.2679,0.007079108,[255] ,
Bufo alvaris ,150.8,15,11.868,0.066263,[255] ,
Bufo americanus ,25.2,5,0.6081,0.003395225,[255] ,
Bufo americanus ,19,15,2.0934,0.01168815,[255] ,
Bufo americanus ,27,20,1.377,0.00768825,[255] ,
Bufo americanus ,50,20,1.39,0.007760833,[255] ,
Bufo americanus ,27.03,20,1.38,0.007705,[255] ,
Bufo americanus ,27,20,1.377,0.00768825,[255] ,
Bufo americanus ,11,21.5,1.2815,0.007155042,[255] ,
Bufo americanus ,0.102,23,0.0247,0.000137908,[255] ,
Bufo americanus ,40.4,25,2.9371,0.016398808,[255] ,
Bufo americanus ,21.1,25,2.5873,0.014445758,[255] ,
Bufo boreas ,72.7,5,4.0908,0.0228403,[255] ,
Bufo boreas ,40.2,10,0.5548,0.003097633,[255] ,
Bufo boreas ,47.3,10,0.6244,0.003486233,[255] ,
Bufo boreas ,57.8,10,0.7283,0.004066342,[255] ,
Bufo boreas ,46.4,14,4.9648,0.027720133,[255] ,
Bufo boreas ,29.5,14,4.484,0.025035667,[255] ,
Bufo boreas ,28.7,15,3.8706,0.02161085,[255] ,
Bufo boreas ,40.2,20,1.3025,0.007272292,[255] ,
Bufo boreas ,47.3,20,2.3177,0.012940492,[255] ,
Bufo boreas ,57.8,20,1.052,0.005873667,[255] ,
Bufo boreas ,2.5,20,0.25,0.001395833,[255] ,
Bufo boreas ,27.3,25,2.64,0.01474,[255] ,
Bufo boreas ,53.8,25,5.5812,0.0311617,[255] ,
Bufo boreas ,40.2,30,3.0512,0.017035867,[255] ,
Bufo boreas ,47.3,30,2.4265,0.013547958,[255] ,
Bufo boreas ,57.8,30,6.4852,0.036209033,[255] ,
Bufo bufo ,28.59,6,2.037,0.01137325,[255] ,
Bufo bufo ,76.13,6,1.7415,0.009723375,[255] ,
Bufo bufo ,28.59,15,4.8389,0.027017192,[255] ,
Bufo bufo ,76.13,15,2.8549,0.015939858,[255] ,
Bufo bufo ,43,17,4.8246,0.02693735,[255] ,
Bufo bufo ,29,20,4.901,0.027363917,[255] ,
Bufo bufo ,29,20,3.915,0.02185875,[255] ,
Bufo bufo ,28.59,25,4.5851,0.025600142,[255] ,
Bufo bufo ,76.13,25,9.64,0.053823333,[255] ,
Bufo calamita ,8.67,20,0.511,0.002853083,[255] ,
Bufo calamita ,8.7,20,0.5046,0.00281735,[255] ,
Bufo cognatus ,45.2,5,1.2792,0.0071422,[255] ,
Bufo cognatus ,39.58,10,1.979,0.011049417,[255] ,
Bufo cognatus ,50.5,15,3.8481,0.021485225,[255] ,
Bufo cognatus ,39.58,20,4.4725,0.024971458,[255] ,
Bufo cognatus ,40.2,25,2.9587,0.016519408,[255] ,
Bufo cognatus ,39.58,30,7.2036,0.0402201,[255] ,
Bufo debilus ,0.66,15,0.0845,0.000471792,[255] ,
Bufo marinus ,101,15,2.2877,0.012772992,[255] ,
Bufo marinus ,145,15,1.5515,0.008662542,[255] ,
Bufo marinus ,123.8,15,4.6276,0.025837433,[255] ,
Bufo marinus ,1200,18.5,33.15,0.1850875,[255] ,
Bufo marinus ,101,20,2.6088,0.0145658,[255] ,
Bufo marinus ,156,20,3.042,0.0169845,[255] ,
Bufo marinus ,152.5,22,7.32,0.04087,[255] ,
Bufo marinus ,252,22,11.088,0.061908,[255] ,
Bufo marinus ,101,25,3.1704,0.0177014,[255] ,
Bufo marinus ,88.7,25,6.3447,0.035424575,[255] ,
Bufo marinus ,101,30,5.7782,0.032261617,[255] ,
Bufo marinus ,101,35,8.2669,0.046156858,[255] ,
Bufo terrestris ,21.4,5,0.6527,0.003644242,[255] ,
Bufo terrestris ,16.6,15,1.336,0.007459333,[255] ,
Bufo terrestris ,102,15,7.5,0.041875,[255] ,
Bufo terrestris ,102,20,15.1,0.084308333,[255] ,
Bufo terrestris ,19.8,25,2.2425,0.012520625,[255] ,
Bufo terrestris ,102,25,30.42,0.169845,[255] ,
Bufo terrestris ,102,30,61.25,0.341979167,[255] ,
Bufo viridis ,35,20,0.875,0.004885417,[255] ,
Bufo woodhousii ,67.4,10,1.2739,0.007112608,[255] ,
Bufo woodhousii ,69,15,2.7255,0.015217375,[255] ,
Bufo woodhousii ,64.8,20,4.4129,0.024638692,[255] ,
Bufo woodhousii ,52.2,23,2.16,0.01206,[255] ,
Bufo woodhousii ,56.3,25,2.2351,0.012479308,[255] ,
Bufo woodhousii ,9,25,1.017,0.00567825,[255] ,
Colostethus inguinalis ,1.57,20,0.1366,0.000762683,[255] ,
Colostethus inguinalis ,1.53,25,0.2127,0.001187575,[255] ,
Colostethus nubicola ,0.28,20,0.0314,0.000175317,[255] ,
Colostethus nubicola ,0.27,25,0.0435,0.000242875,[255] ,
Colostethus trinitatus ,1,25,0.201,0.00112225,[255] ,
Dendrobates auratus ,2.09,20,0.1421,0.000793392,[255] ,
Dendrobates auratus ,1.77,25,0.1593,0.000889425,[255] ,
Phyllobates subpunctatus ,1.5,15,0.108,0.000603,[255] ,
Bombina orientalis ,2.62,20,0.149,0.000831917,[255] ,
Bombina orientalis ,2.6,20,0.1456,0.000812933,[255] ,
Discoglossus pictus ,30.71,20,1.142,0.006376167,[255] ,
Discoglossus pictus ,30.7,20,1.1359,0.006342108,[255] ,
Acris crepitans ,1.935,5,0.0459,0.000256275,[255] ,
Acris crepitans ,1.59,15,0.0477,0.000266325,[255] ,
Acris crepitans ,1.735,15,0.1118,0.000624217,[255] ,
Acris crepitans ,1.5,15,0.1155,0.000644875,[255] ,
Acris crepitans ,0.5,15,0.0335,0.000187042,[255] ,
Acris crepitans ,1.27,15,0.0838,0.000467883,[255] ,
Acris crepitans ,0.9,15,0.0612,0.0003417,[255] ,
Acris crepitans ,1.855,25,0.3288,0.0018358,[255] ,
Acris crepitans ,1.5,25,0.2535,0.001415375,[255] ,
Acris crepitans ,0.5,25,0.117,0.00065325,[255] ,
Agalychnis callidryas ,5.65,20,0.337,0.001881583,[255] ,
Agalychnis callidryas ,5.7,20,0.3477,0.001941325,[255] ,
Cyclorana platycephala ,11,15,0.5907,0.003298075,[255] ,
Hyla arborea ,7.78,18.5,2.4429,0.013639525,[255] ,
Hyla arenicolor ,3.37,20,0.3,0.001675,[255] ,
Hyla arenicolor ,3.4,20,0.3162,0.00176545,[255] ,
Hyla chrysoscelis ,3.9,10,0.1482,0.00082745,[255] ,
Hyla chrysoscelis ,3.9,20,0.4368,0.0024388,[255] ,
Hyla chrysoscelis ,5.47,20,0.7056,0.0039396,[255] ,
Hyla chrysoscelis ,3.9,30,1.1365,0.006345458,[255] ,
Hyla cinerea ,3.82,10,0.217,0.001211583,[255] ,
Hyla cinerea ,6.4,15,0.8097,0.004520825,[255] ,
Hyla cinerea ,3.82,20,0.5596,0.003124433,[255] ,
Hyla cinerea ,8.9,22,1.513,0.008447583,[255] ,
Hyla cinerea ,4.5,25,0.459,0.00256275,[255] ,
Hyla cinerea ,5.1,27,0.689,0.003846917,[255] ,
Hyla cinerea ,3.82,30,0.8488,0.004739133,[255] ,
Hyla crepitans ,9.9,25,1.1484,0.0064119,[255] ,
Hyla crucifer ,0.85,14,0.1037,0.000578992,[255] ,
Hyla crucifer ,1.3,20,0.1443,0.000805675,[255] ,
Hyla crucifer ,1.31,20,0.149,0.000831917,[255] ,
Hyla crucifer ,1.3,20,0.1443,0.000805675,[255] ,
Hyla crucifer ,1.15,20,0.1265,0.000706292,[255] ,
Hyla gratiosa ,10.2,5,0.5281,0.002948558,[255] ,
Hyla gratiosa ,10.2,15,0.9081,0.005070225,[255] ,
Hyla gratiosa ,9.8,25,1.4431,0.008057308,[255] ,
Hyla gratiosa ,13.9,29,1.321,0.007375583,[255] ,
Hyla maxima ,41.4,25,3.933,0.02195925,[255] ,
Hyla regilla ,2.76,20,0.1656,0.0009246,[255] ,
Hyla regilla ,2.27,21,0.089,0.000496917,[255] ,
Hyla squirella ,2.2,27,0.363,0.00202675,[255] ,
Hyla versicolor ,8.3,5,0.5997,0.003348325,[255] ,
Hyla versicolor ,8.3,15,0.8644,0.004826233,[255] ,
Hyla versicolor ,8.62,19,0.6724,0.003754233,[255] ,
Hyla versicolor ,6.09,20,0.6029,0.003366192,[255] ,
Hyla versicolor ,7.6,25,1.5252,0.0085157,[255] ,
Osteopilus septentrionalis ,4.98,20,0.33,0.0018425,[255] ,
Osteopilus septentrionalis ,5,20,0.33,0.0018425,[255] ,
Phyllomedusa sauvagei ,17.5,10,0.5075,0.002833542,[255] ,
Phyllomedusa sauvagei ,17.5,15,0.77,0.004299167,[255] ,
Phyllomedusa sauvagei ,17.5,25,1.8025,0.010063958,[255] ,
Phyllomedusa sauvagei ,17.5,30,2.7475,0.015340208,[255] ,
Phyllomedusa sauvagei ,17.5,35,4.1825,0.023352292,[255] ,
Phyllomedusa sauvagei ,17.5,38,6.125,0.034197917,[255] ,
Pseudacris nigrita ,1,25,0.162,0.0009045,[255] ,
Pseudacris triseriata ,0.94,5,0.0141,0.000078725,[255] ,
Pseudacris triseriata ,1.41,5,0.1695,0.000946375,[255] ,
Pseudacris triseriata ,1.192,10,0.1774,0.000990483,[255] ,
Pseudacris triseriata ,1.065,10,0.2556,0.0014271,[255] ,
Pseudacris triseriata ,1.34,15,0.3015,0.001683375,[255] ,
Pseudacris triseriata ,1.9,18.5,0.209,0.001166917,[255] ,
Pseudacris triseriata ,1.125,20,0.2687,0.001500242,[255] ,
Pseudacris triseriata ,1.056,20,0.4836,0.0027001,[255] ,
Pseudacris triseriata ,0.94,25,0.1119,0.000624775,[255] ,
Pseudacris triseriata ,1.31,25,0.5015,0.002800042,[255] ,
Pternohyla fodiens ,15.13,20,0.514,0.002869833,[255] ,
Pternohyla fodiens ,15.1,20,0.4832,0.002697867,[255] ,
Smilisca baudinii ,23.7,15,1.5832,0.008839533,,
Hyperolius marmoratus ,1,20,0.0671,0.000374642,[255] ,
Hyperolius parallelus ,1,20,0.0765,0.000427125,[255] ,
Hyperolius tuberilinguis ,1,20,0.0679,0.000379108,[255] ,
Hyperolius viridiflavus ,0.88,20,0.083,0.000463417,[255] ,
Hyperolius viridiflavus ,0.9,20,0.0846,0.00047235,[255] ,
Kassina senegalensis ,3.02,20,0.228,0.001273,[255] ,
Kassina senegalensis ,3,20,0.231,0.00128975,[255] ,
Kassina weali ,6.25,20,0.318,0.0017755,[255] ,
Kassina weali ,6.3,20,0.3402,0.00189945,[255] ,
Ceratophrys calcarata ,55.5,25,2.967,0.01656575,[255] ,
Ceratophrys calcarata ,4.0434,35,4.0434,0.02257565,[255] ,
Eleutherodactylus coqui ,4.06,20,0.1786,0.000997183,[255] ,
Eleutherodactylus coqui ,4.06,20,0.167,0.000932417,[255] ,
Eleutherodactylus coqui ,4.1,20,0.1804,0.001007233,[255] ,
Eleutherodactylus portoricensis ,3.7,15,0.2566,0.001432683,[255] ,
Lepidobatrachus llanensis ,88.5,25,8.5845,0.047930125,[255] ,
Leptodactylus typhonius ,5.1,25,0.5865,0.003274625,[255] ,
Odontophrynus americanus ,15.24,20,0.549,0.00306525,[255] ,
Odontophrynus americanus ,15.2,20,0.5624,0.003140067,[255] ,
Physalaemus pustulosus ,1.72,25,0.26,0.001451667,[255] ,
Physalaemus pustulosus ,2.9,25,0.3393,0.001894425,[255] ,
Telmatobius culeus ,122.3,10,1.7244,0.0096279,[255] ,
Telmatobius marmoratus ,18.4,10,0.92,0.005136667,[255] ,
Gastrophryne carolinesis ,1.94,20,0.103,0.000575083,[255] ,
Gastrophryne carolinesis ,1.9,20,0.0988,0.000551633,[255] ,
Kaloula pulchra ,30.66,20,0.89,0.004969167,[255] ,
Kaloula pulchra ,30.7,20,0.7982,0.004456617,[255] ,
Microhyla carolinensis ,3.5,15,0.2315,0.001292542,[255] ,
Crinia parinsignifera ,0.653,5,0.0398,0.000222217,[255] ,
Crinia parinsignifera ,0.597,10,0.0501,0.000279725,[255] ,
Crinia parinsignifera ,0.658,15,0.1073,0.000599092,[255] ,
Crinia parinsignifera ,0.63,20,0.1166,0.000651017,[255] ,
Crinia parinsignifera ,0.666,25,0.1765,0.000985458,[255] ,
Crinia parinsignifera ,0.452,30,0.1709,0.000954192,[255] ,
Crinia parinsignifera ,0.665,35,0.3757,0.002097658,[255] ,
Crinia signifera ,0.683,5,0.041,0.000228917,[255] ,
Crinia signifera ,0.908,5,0.0499,0.000278608,[255] ,
Crinia signifera ,0.69,10,0.0593,0.000331092,[255] ,
Crinia signifera ,0.968,10,0.0823,0.000459508,[255] ,
Crinia signifera ,0.638,15,0.1078,0.000601883,[255] ,
Crinia signifera ,0.853,15,0.1331,0.000743142,[255] ,
Crinia signifera ,0.615,20,0.131,0.000731417,[255] ,
Crinia signifera ,0.621,25,0.149,0.000831917,[255] ,
Crinia signifera ,0.485,30,0.1761,0.000983225,[255] ,
Crinia signifera ,0.612,35,0.399,0.00222775,[255] ,
Scaphiopus bombifrons ,13.3,15,1.851,0.01033475,[255] ,
Scaphiopus couchii ,26.9,15,2.2609,0.012623358,[255] ,
Scaphiopus couchii ,24.6,21,1.8179,0.010149942,[255] ,
Scaphiopus hammondii ,23.6,15,2.2163,0.012374342,[255] ,
Scaphiopus hammondii ,1.55,15,0.2666,0.001488517,[255] ,
Scaphiopus hammondii ,10.87,15,0.75,0.0041875,[255] ,
Scaphiopus hammondii ,12.74,21,1.1466,0.00640185,[255] ,
Scaphiopus holbrooki ,14,15,1.1712,0.0065392,[255] ,
Xenopus laevis ,30.03,15,1.6847,0.009406242,[255] ,
Xenopus laevis ,63.6,15,2.1516,0.0120131,[255] ,
Xenopus laevis ,33.3,15,1.9106,0.010667517,[255] ,
Xenopus laevis ,67,17,4.2277,0.023604658,[255] ,
Xenopus laevis ,67.3,17.3,3.834,0.0214065,[255] ,
Xenopus laevis ,22.1,18,1.7901,0.009994725,[255] ,
Xenopus laevis ,100,20,4.5,0.025125,[255] ,
Xenopus laevis ,55,20,2.53,0.014125833,[255] ,
Xenopus laevis ,139,20,3.8364,0.0214199,[255] ,
Xenopus laevis ,122,22,5.5998,0.03126555,[255] ,
Xenopus laevis ,41,25,3.526,0.019686833,[255] ,
Xenopus laevis ,29.3,25,4.2,0.02345,[255] ,
Xenopus laevis ,23.9,25,3.824,0.021350667,[255] ,
Xenopus laevis ,28.39,25,1.6063,0.008968508,[255] ,
Xenopus laevis ,33.3,25,3.2218,0.017988383,[255] ,
Xenopus mulleri ,24,17,2.5104,0.0140164,[255] ,
Conraua goliath ,251,25,18.86,0.105301667,[255] ,
Occidozyga martensii ,9.3,15,0.4167,0.002326575,[255] ,
Occidozyga martensii ,9.3,20,0.524,0.002925667,[255] ,
Occidozyga martensii ,9.3,25,0.8872,0.004953533,[255] ,
Occidozyga martensii ,9.3,30,0.9402,0.00524945,[255] ,
Occidozyga martensii ,9.3,35,1.0779,0.006018275,[255] ,
Pyxicephalus adspersus ,562.3,20,14.22,0.079395,[255] ,
Rana arvalis ,17,5,0.4233,0.002363425,[255] ,
Rana arvalis ,17,10,0.9554,0.005334317,[255] ,
Rana arvalis ,17,15,1.6337,0.009121492,[255] ,
Rana arvalis ,17,20,2.8866,0.01611685,[255] ,
Rana arvalis ,17,25,4.7685,0.026624125,[255] ,
Rana arvalis ,17,30,7.6857,0.042911825,[255] ,
Rana aspersa ,563,18.5,31.6688,0.176817467,[255] ,
Rana berlandieri ,70,29,7.035,0.03927875,[255] ,
Rana blythi ,88.7,25,4.3729,0.024415358,[255] ,
Rana cancrivora ,20.45,20,1.0409,0.005811692,[255] ,
Rana cancrivora ,20.45,25,1.5767,0.008803242,[255] ,
Rana cancrivora ,20.45,30,2.2597,0.012616658,[255] ,
Rana cancrivora ,12.5,30,1.75,0.009770833,[255] ,
Rana cancrivora ,20.45,35,4.1043,0.022915675,[255] ,
Rana catesbeiana ,80.9,5,3.3638,0.018781217,[255] ,
Rana catesbeiana ,262,5,1.3171,0.007353808,[255] ,
Rana catesbeiana ,646,5,10.013,0.055905917,[255] ,
Rana catesbeiana ,43.55,10,0.4355,0.002431542,[255] ,
Rana catesbeiana ,47.3,15,2.7008,0.015079467,[255] ,
Rana catesbeiana ,303.5,19,10.61,0.059239167,[255] ,
Rana catesbeiana ,228.2,20,5.6137,0.031343158,[255] ,
Rana catesbeiana ,300,20,7.2,0.0402,[255] ,
Rana catesbeiana ,277.5,20,6.9028,0.038540633,[255] ,
Rana catesbeiana ,241,20,17.4725,0.097554792,[255] ,
Rana catesbeiana ,43.55,20,1.6549,0.009239858,[255] ,
Rana catesbeiana ,621,20,33.0993,0.184804425,[255] ,
Rana catesbeiana ,503,21.5,18.6739,0.104262608,[255] ,
Rana catesbeiana ,175,22.5,7.525,0.042014583,[255] ,
Rana catesbeiana ,14,25,2.1,0.011725,[255] ,
Rana catesbeiana ,251,25,13.052,0.072873667,[255] ,
Rana catesbeiana ,350,25,15.05,0.084029167,[255] ,
Rana catesbeiana ,269,25,25.017,0.13967825,[255] ,
Rana catesbeiana ,43.55,30,3.7889,0.021154692,[255] ,
Rana chalconota ,4.1,25,0.3911,0.002183642,[255] ,
Rana clamitans ,31,5,0.5397,0.003013325,[255] ,
Rana clamitans ,34.2,14,1.7442,0.00973845,[255] ,
Rana clamitans ,34,15,1.6085,0.008980792,[255] ,
Rana clamitans ,19,21.5,2.1684,0.0121069,[255] ,
Rana clamitans ,32.5,25,2.7008,0.015079467,[255] ,
Rana cyanophlyctis ,0.142,29,0.1729,0.000965358,[255] ,
Rana cyanophlyctis ,0.294,29,0.2157,0.001204325,[255] ,
Rana erythraea ,19,15,0.1786,0.000997183,[255] ,
Rana erythraea ,19,20,0.7809,0.004360025,[255] ,
Rana erythraea ,19,25,1.6245,0.009070125,[255] ,
Rana erythraea ,19,30,2.1299,0.011891942,[255] ,
Rana erythraea ,19,35,3.8703,0.021609175,[255] ,
Rana esculenta ,50.32,6,0.8617,0.004811158,[255] ,
Rana esculenta ,17.5,7,0.2468,0.001377967,[255] ,
Rana esculenta ,31.2,7,0.5887,0.003286908,[255] ,
Rana esculenta ,28.4,12,1.9937,0.011131492,[255] ,
Rana esculenta ,22.15,12,1.91,0.010664167,[255] ,
Rana esculenta ,28.4,12,2.1953,0.012257092,[255] ,
Rana esculenta ,28,15,0.8176,0.004564933,[255] ,
Rana esculenta? ,57.2,15,2.5225,0.014083958,[255] ,
Rana esculenta ,50.32,15,4.4533,0.024864258,[255] ,
Rana esculenta ,36,17,3.4488,0.0192558,[255] ,
Rana esculenta ,30,18.5,6.327,0.03532575,[255] ,
Rana esculenta ,116,18.5,9.3612,0.0522667,[255] ,
Rana esculenta ,45.3,20,4.3941,0.024533725,[255] ,
Rana esculenta ,16.4,20,1.3874,0.007746317,[255] ,
Rana esculenta ,28.8,20,3.7037,0.020678992,[255] ,
Rana esculenta ,15.2,23,0.2523,0.001408675,[255] ,
Rana esculenta ,34.5,24,5.988,0.033433,[255] ,
Rana esculenta ,50.32,25,4.1954,0.023424317,[255] ,
Rana hexadactyla ,51.9,29,11.9889,0.066938025,[255] ,
Rana hexadactyla ,30,29,7.35,0.0410375,[255] ,
Rana magna ,34.2,20,1.4022,0.00782895,[255] ,
Rana magna ,34.2,30,2.8523,0.015925342,[255] ,
Rana muscosa ,13.5,4,0.099,0.00055275,[255] ,
Rana muscosa ,18,15,0.6061,0.003384058,[255] ,
Rana nicobariensis ,2.6,25,0.2561,0.001429892,[255] ,
Rana palustris ,14.7,15,0.9412,0.005255033,[255] ,
Rana palustris ,36,21.5,3.672,0.020502,[255] ,
Rana pipiens ,33.5,5,0.529,0.002953583,[255] ,
Rana pipiens ,25,5,0.7025,0.003922292,[255] ,
Rana pipiens ,34.8,10,0.4907,0.002739742,[255] ,
Rana pipiens ,38.39,10,1.6124,0.009002567,[255] ,
Rana pipiens ,31.8,15,1.1528,0.006436467,[255] ,
Rana pipiens ,25,15,1.2918,0.00721255,[255] ,
Rana pipiens ,43.7,15,2.88,0.01608,[255] ,
Rana pipiens ,32.5,15,1.628,0.009089667,[255] ,
Rana pipiens ,32,17,2.912,0.016258667,[255] ,
Rana pipiens ,26.5,19,1.68,0.00938,[255] ,
Rana pipiens ,34.8,20,1.5208,0.008491133,[255] ,
Rana pipiens ,27.5,20,2.64,0.01474,[255] ,
Rana pipiens ,38.39,20,3.6854,0.020576817,[255] ,
Rana pipiens ,49,20,3.5476,0.019807433,[255] ,
Rana pipiens ,33.6,21.5,2.982,0.0166495,[255] ,
Rana pipiens ,49.5,22,6.5046,0.03631735,[255] ,
Rana pipiens ,52.6,22,3.4032,0.0190012,[255] ,
Rana pipiens ,30,23,4.68,0.02613,[255] ,
Rana pipiens ,25,24,4,0.022333333,[255] ,
Rana pipiens ,37.1,24,4.69,0.026185833,[255] ,
Rana pipiens ,35,25,3.255,0.01817375,[255] ,
Rana pipiens ,32,25,4.352,0.024298667,[255] ,
Rana pipiens ,35.24,25,3.4433,0.019225092,[255] ,
Rana pipiens ,44.3,25,5.64,0.03149,[255] ,
Rana pipiens ,25,25,3.028,0.016906333,[255] ,
Rana pipiens ,42,25,3.276,0.018291,[255] ,
Rana pipiens ,32.5,25,4.147,0.023154083,[255] ,
Rana pipiens ,27.5,30,4.29,0.0239525,[255] ,
Rana pipiens ,34.8,30,4.6945,0.026210958,[255] ,
Rana pipiens ,38.39,30,5.7585,0.032151625,[255] ,
Rana ridibunda ,35,20,1.12,0.006253333,[255] ,
Rana ridibunda ,35.2,20,23.936,0.133642667,[255] ,
Rana ridibunda ,47.5,23,4.0375,0.022542708,[255] ,
Rana sylvatica ,9,5,0.4862,0.002714617,[255] ,
Rana sylvatica ,8.8,14,0.5896,0.003291933,[255] ,
Rana sylvatica ,7.4,15,0.7319,0.004086442,[255] ,
Rana sylvatica ,12.7,20,1.0795,0.006027208,[255] ,
Rana sylvatica ,12.67,20,1.098,0.0061305,[255] ,
Rana sylvatica ,12.7,20,1.0795,0.006027208,[255] ,
Rana sylvatica ,6,25,0.648,0.003618,[255] ,
Rana temporaria ,38.53,6,1.0066,0.005620183,[255] ,
Rana temporaria ,44,9.5,1.21,0.006755833,[255] ,
Rana temporaria ,38,10,0.8143,0.004546508,[255] ,
Rana temporaria ,53,10.4,2.332,0.013020333,[255] ,
Rana temporaria ,30,14,0.356,0.001987667,[255] ,
Rana temporaria ,39,15,0.28,0.001563333,[255] ,
Rana temporaria ,38.53,15,2.6008,0.014521133,[255] ,
Rana temporaria ,35,15.1,0.49,0.002735833,[255] ,
Rana temporaria ,43,1,3.3712,0.018822533,[255] ,
Rana temporaria ,38,19,1.5831,0.008838975,[255] ,
Rana temporaria ,39.6,19.2,2.7166,0.015167683,[255] ,
Rana temporaria ,15.8,20,1.58,0.008821667,[255] ,
Rana temporaria ,37.5,20,5.8875,0.032871875,[255] ,
Rana temporaria ,25,20,1.75,0.009770833,[255] ,
Rana temporaria ,53,22,6.095,0.034030417,[255] ,
Rana temporaria ,42.5,23,4.3775,0.024441042,[255] ,
Rana temporaria ,21.6,24.6,3.456,0.019296,[255] ,
Rana temporaria ,31.1,24.8,3.9373,0.021983258,[255] ,
Rana temporaria ,38.53,25,7.5037,0.041895658,[255] ,
Rana temporaria ,32.8,26.3,2.0697,0.011555825,[255] ,
Rana virgatipes ,7,5,0.14,0.000781667,[255] ,
Rana virgatipes ,7,15,0.35,0.001954167,[255] ,
Rana virgatipes ,7,25,1.015,0.005667083,[255] ,
Chiromantis petersi ,9,25,0.729,0.00407025,[255] ,
Chiromantis petersi ,11.2,25,0.7952,0.004439867,[255] ,
Boulengerula taitanus ,5,20,0.3175,0.001772708,[255] ,
Boulengerula taitanus ,5,25,0.4205,0.002347792,[255] ,
Boulengerula taitanus ,5,35,0.86,0.004801667,[255] ,
Geotrypetes seraphini ,1.93,20,0.0714,0.00039865,[255] ,
Typhlonectes compressicauda ,135,20,4.52,0.025236667,[255] ,
Typhlonectes compressicauda ,64,25,9.546,0.0532985,[255] ,
Typhlonectes compressicauda ,138,25,11.253,0.06282925,[255] ,
Typhlonectes compressicauda ,30.62,25,1.442,0.008051167,[255] ,
